,index,SPX,TradeDate,SPY
0,0,1132.99,2010-01-04,113.33
1,1,1136.52,2010-01-05,113.63
2,2,1137.14,2010-01-06,113.71
3,3,1141.69,2010-01-07,114.19
4,4,1144.98,2010-01-08,114.57
5,5,1146.98,2010-01-11,114.73
6,6,1136.22,2010-01-12,113.66
7,7,1145.68,2010-01-13,114.62
8,8,1148.46,2010-01-14,114.93
9,9,1136.03,2010-01-15,113.64
10,10,1150.23,2010-01-19,115.06
11,11,1138.04,2010-01-20,113.89
12,12,1116.48,2010-01-21,111.7
13,13,1091.76,2010-01-22,109.21
14,14,1096.78,2010-01-25,109.77
15,15,1092.17,2010-01-26,109.31
16,16,1097.5,2010-01-27,109.83
17,17,1084.53,2010-01-28,108.57
18,18,1073.87,2010-01-29,107.39
19,19,1089.19,2010-02-01,109.06
20,20,1103.32,2010-02-02,110.38
21,21,1097.28,2010-02-03,109.83
22,22,1063.11,2010-02-04,106.44
23,23,1066.19,2010-02-05,106.66
24,24,1056.74,2010-02-08,105.89
25,25,1070.52,2010-02-09,107.22
26,26,1068.13,2010-02-10,107.01
27,27,1078.47,2010-02-11,108.13
28,28,1075.51,2010-02-12,108.04
29,29,1094.87,2010-02-16,109.74
30,30,1099.51,2010-02-17,110.26
31,31,1106.75,2010-02-18,110.91
32,32,1109.17,2010-02-19,111.14
33,33,1108.01,2010-02-22,111.16
34,34,1094.6,2010-02-23,109.81
35,35,1105.24,2010-02-24,110.82
36,36,1102.94,2010-02-25,110.67
37,37,1104.49,2010-02-26,110.74
38,38,1115.71,2010-03-01,111.89
39,39,1118.31,2010-03-02,112.2
40,40,1118.79,2010-03-03,112.3
41,41,1122.97,2010-03-04,112.641
42,42,1138.7,2010-03-05,114.25
43,43,1138.5,2010-03-08,114.27
44,44,1140.45,2010-03-09,114.46
45,45,1145.61,2010-03-10,114.97
46,46,1150.24,2010-03-11,115.45
47,47,1149.99,2010-03-12,115.46
48,48,1150.51,2010-03-15,115.49
49,49,1159.46,2010-03-16,116.41
50,50,1166.21,2010-03-17,117.1
51,51,1165.83,2010-03-18,117.0375
52,52,1159.9,2010-03-19,115.97
53,53,1165.81,2010-03-22,116.5925
54,54,1174.17,2010-03-23,117.41
55,55,1167.72,2010-03-24,116.84
56,56,1165.73,2010-03-25,116.65
57,57,1166.59,2010-03-26,116.58200000000001
58,58,1173.22,2010-03-29,117.32
59,59,1173.27,2010-03-30,117.4
60,60,1169.43,2010-03-31,117.0
61,61,1178.1,2010-04-01,117.8
62,62,1187.44,2010-04-05,118.76
63,63,1189.44,2010-04-06,119.04
64,64,1182.45,2010-04-07,118.36
65,65,1186.44,2010-04-08,118.7725
66,66,1194.37,2010-04-09,119.55
67,67,1196.48,2010-04-12,119.74
68,68,1197.3,2010-04-13,119.83
69,69,1210.65,2010-04-14,121.19
70,70,1211.67,2010-04-15,121.29
71,71,1192.13,2010-04-16,119.36
72,72,1197.52,2010-04-19,119.81
73,73,1207.17,2010-04-20,120.88
74,74,1205.94,2010-04-21,120.66
75,75,1208.67,2010-04-22,121.02
76,76,1217.28,2010-04-23,121.8125
77,77,1212.05,2010-04-26,121.35
78,78,1183.71,2010-04-27,118.48
79,79,1191.36,2010-04-28,119.38
80,80,1206.78,2010-04-29,120.8575
81,81,1186.69,2010-04-30,118.8125
82,82,1202.26,2010-05-03,120.35
83,83,1173.6,2010-05-04,117.52
84,84,1165.9,2010-05-05,116.82
85,85,1128.15,2010-05-06,112.94200000000001
86,86,1110.88,2010-05-07,111.26
87,87,1159.73,2010-05-10,116.16
88,88,1155.79,2010-05-11,115.83
89,89,1171.67,2010-05-12,117.45
90,90,1157.44,2010-05-13,115.99
91,91,1135.68,2010-05-14,113.89
92,92,1136.94,2010-05-17,113.95
93,93,1120.8,2010-05-18,112.4
94,94,1115.05,2010-05-19,111.76
95,95,1071.59,2010-05-20,107.54
96,96,1087.69,2010-05-21,109.115
97,97,1073.65,2010-05-24,107.71
98,98,1074.03,2010-05-25,107.818
99,99,1067.95,2010-05-26,107.17
100,100,1103.06,2010-05-27,110.76
101,101,1089.41,2010-05-28,109.369
102,102,1070.71,2010-06-01,107.53
103,103,1098.38,2010-06-02,110.33
104,104,1102.83,2010-06-03,110.71
105,105,1064.88,2010-06-04,106.82
106,106,1050.47,2010-06-07,105.49
107,107,1062.0,2010-06-08,106.62
108,108,1055.69,2010-06-09,106.05
109,109,1086.84,2010-06-10,109.15
110,110,1091.6,2010-06-11,109.68
111,111,1089.63,2010-06-14,109.509
112,112,1115.23,2010-06-15,112.0
113,113,1114.61,2010-06-16,111.96
114,114,1116.04,2010-06-17,112.14
115,115,1117.51,2010-06-18,111.729
116,116,1113.2,2010-06-21,111.41
117,117,1095.31,2010-06-22,109.57
118,118,1092.04,2010-06-23,109.23
119,119,1073.69,2010-06-24,107.42
120,120,1076.76,2010-06-25,107.8675
121,121,1074.57,2010-06-28,107.53
122,122,1041.24,2010-06-29,104.21
123,123,1030.71,2010-06-30,103.22
124,124,1027.37,2010-07-01,102.76
125,125,1022.58,2010-07-02,102.2
126,126,1028.06,2010-07-06,102.87
127,127,1060.27,2010-07-07,106.1075
128,128,1070.25,2010-07-08,107.16
129,129,1077.96,2010-07-09,107.96
130,130,1078.75,2010-07-12,108.03
131,131,1095.34,2010-07-13,109.66
132,132,1095.17,2010-07-14,109.65100000000001
133,133,1096.48,2010-07-15,109.68
134,134,1064.88,2010-07-16,106.66
135,135,1071.25,2010-07-19,107.29
136,136,1083.48,2010-07-20,108.48
137,137,1069.59,2010-07-21,107.07
138,138,1093.67,2010-07-22,109.461
139,139,1102.66,2010-07-23,110.41
140,140,1115.01,2010-07-26,111.56
141,141,1113.84,2010-07-27,111.55
142,142,1106.13,2010-07-28,110.83
143,143,1101.53,2010-07-29,110.29
144,144,1101.6,2010-07-30,110.27
145,145,1125.86,2010-08-02,112.76
146,146,1120.46,2010-08-03,112.22
147,147,1127.24,2010-08-04,112.97
148,148,1125.81,2010-08-05,112.85
149,149,1121.64,2010-08-06,112.39200000000001
150,150,1127.79,2010-08-09,112.992
151,151,1121.06,2010-08-10,112.375
152,152,1089.47,2010-08-11,109.3
153,153,1083.61,2010-08-12,108.63
154,154,1079.25,2010-08-13,108.31
155,155,1079.38,2010-08-16,108.26
156,156,1092.54,2010-08-17,109.59
157,157,1094.16,2010-08-18,109.79
158,158,1075.63,2010-08-19,107.88
159,159,1071.69,2010-08-20,107.53
160,160,1067.36,2010-08-23,107.1236
161,161,1051.87,2010-08-24,105.53
162,162,1055.33,2010-08-25,105.94
163,163,1047.22,2010-08-26,105.23
164,164,1064.59,2010-08-27,106.86
165,165,1048.92,2010-08-30,105.311
166,166,1049.33,2010-08-31,105.31
167,167,1080.29,2010-09-01,108.46
168,168,1090.1,2010-09-02,109.47
169,169,1104.51,2010-09-03,110.89
170,170,1091.84,2010-09-07,109.64
171,171,1098.87,2010-09-08,110.41
172,172,1104.18,2010-09-09,110.91999799999999
173,173,1109.55,2010-09-10,111.48200000000001
174,174,1121.9,2010-09-13,112.72
175,175,1121.1,2010-09-14,112.65
176,176,1125.07,2010-09-15,113.08
177,177,1124.66,2010-09-16,113.05
178,178,1125.59,2010-09-17,112.49
179,179,1142.71,2010-09-20,114.21
180,180,1139.78,2010-09-21,113.98
181,181,1134.28,2010-09-22,113.42
182,182,1124.83,2010-09-23,112.49799999999999
183,183,1148.67,2010-09-24,114.82
184,184,1142.16,2010-09-27,114.27
185,185,1147.7,2010-09-28,114.67
186,186,1144.73,2010-09-29,114.47
187,187,1141.2,2010-09-30,114.13
188,188,1146.24,2010-10-01,114.61
189,189,1137.03,2010-10-04,113.75
190,190,1160.75,2010-10-05,116.04
191,191,1159.97,2010-10-06,116.03
192,192,1158.06,2010-10-07,115.89
193,193,1165.15,2010-10-08,116.5375
194,194,1165.32,2010-10-11,116.65
195,195,1169.77,2010-10-12,117.01
196,196,1178.1,2010-10-13,117.92
197,197,1173.81,2010-10-14,117.46
198,198,1176.19,2010-10-15,117.7
199,199,1184.71,2010-10-18,118.28
200,200,1165.9,2010-10-19,116.73
201,201,1178.17,2010-10-20,117.87
202,202,1180.26,2010-10-21,118.13
203,203,1183.08,2010-10-22,118.34700000000001
204,204,1185.62,2010-10-25,118.7
205,205,1185.64,2010-10-26,118.72
206,206,1182.45,2010-10-27,118.38
207,207,1183.78,2010-10-28,118.4
208,208,1183.26,2010-10-29,118.49
209,209,1184.38,2010-11-01,118.53
210,210,1193.57,2010-11-02,119.475
211,211,1197.96,2010-11-03,119.95
212,212,1221.06,2010-11-04,122.26
213,213,1225.85,2010-11-05,122.725
214,214,1223.25,2010-11-08,122.49
215,215,1213.4,2010-11-09,121.61
216,216,1218.71,2010-11-10,122.1
217,217,1213.54,2010-11-11,121.635
218,218,1199.21,2010-11-12,120.198
219,219,1197.75,2010-11-15,120.03
220,220,1178.34,2010-11-16,118.16
221,221,1178.59,2010-11-17,118.21799999999999
222,222,1196.69,2010-11-18,119.9575
223,223,1199.73,2010-11-19,120.29
224,224,1197.84,2010-11-22,120.19
225,225,1180.73,2010-11-23,118.4475
226,226,1198.35,2010-11-24,120.2
227,227,1189.4,2010-11-26,119.29
228,228,1187.76,2010-11-29,119.162
229,229,1180.55,2010-11-30,118.4925
230,230,1206.07,2010-12-01,121.01
231,231,1221.53,2010-12-02,122.56
232,232,1224.71,2010-12-03,122.89
233,233,1223.12,2010-12-06,122.76
234,234,1223.75,2010-12-07,122.83
235,235,1228.28,2010-12-08,123.28
236,236,1233.0,2010-12-09,123.76
237,237,1240.4,2010-12-10,124.48
238,238,1240.46,2010-12-13,124.56
239,239,1241.59,2010-12-14,124.67
240,240,1235.23,2010-12-15,124.098
241,241,1242.87,2010-12-16,124.82
242,242,1243.91,2010-12-17,124.3
243,243,1247.08,2010-12-20,124.6
244,244,1254.6,2010-12-21,125.39
245,245,1258.84,2010-12-22,125.78
246,246,1256.77,2010-12-23,125.6
247,247,1257.54,2010-12-27,125.65
248,248,1258.51,2010-12-28,125.83
249,249,1259.78,2010-12-29,125.92
250,250,1257.88,2010-12-30,125.72
251,251,1257.64,2010-12-31,125.75
252,252,1271.87,2011-01-03,127.05
253,253,1270.2,2011-01-04,126.98
254,254,1276.56,2011-01-05,127.64
255,255,1273.85,2011-01-06,127.39
256,256,1271.5,2011-01-07,127.14
257,257,1269.75,2011-01-10,126.98
258,258,1274.48,2011-01-11,127.43
259,259,1285.96,2011-01-12,128.58
260,260,1283.76,2011-01-13,128.3675
261,261,1293.24,2011-01-14,129.3
262,262,1295.02,2011-01-18,129.52
263,263,1281.92,2011-01-19,128.25
264,264,1280.26,2011-01-20,128.08
265,265,1283.35,2011-01-21,128.37
266,266,1290.84,2011-01-24,129.1
267,267,1291.18,2011-01-25,129.17
268,268,1296.63,2011-01-26,129.67
269,269,1299.54,2011-01-27,129.99
270,270,1276.34,2011-01-28,127.72
271,271,1286.12,2011-01-31,128.68
272,272,1307.59,2011-02-01,130.74
273,273,1304.03,2011-02-02,130.485
274,274,1307.1,2011-02-03,130.78
275,275,1310.87,2011-02-04,131.15
276,276,1319.05,2011-02-07,131.97
277,277,1324.57,2011-02-08,132.57
278,278,1320.88,2011-02-09,132.269
279,279,1321.87,2011-02-10,132.321
280,280,1329.15,2011-02-11,133.11
281,281,1332.32,2011-02-14,133.43
282,282,1328.01,2011-02-15,133.01
283,283,1336.32,2011-02-16,133.85
284,284,1340.43,2011-02-17,134.25
285,285,1343.01,2011-02-18,134.53
286,286,1315.44,2011-02-22,131.83
287,287,1307.4,2011-02-23,131.02
288,288,1306.1,2011-02-24,130.93
289,289,1319.88,2011-02-25,132.33
290,290,1327.22,2011-02-28,133.15
291,291,1306.33,2011-03-01,130.93
292,292,1308.44,2011-03-02,131.21
293,293,1330.97,2011-03-03,133.47
294,294,1321.15,2011-03-04,132.47
295,295,1310.13,2011-03-07,131.43
296,296,1321.82,2011-03-08,132.58
297,297,1320.02,2011-03-09,132.39
298,298,1295.11,2011-03-10,129.9375
299,299,1304.28,2011-03-11,130.84
300,300,1296.39,2011-03-14,130.05
301,301,1281.87,2011-03-15,128.56
302,302,1256.88,2011-03-16,126.175
303,303,1273.72,2011-03-17,127.85
304,304,1279.2,2011-03-18,127.76
305,305,1298.38,2011-03-21,129.74
306,306,1293.77,2011-03-22,129.29
307,307,1297.54,2011-03-23,129.66
308,308,1309.66,2011-03-24,130.9
309,309,1313.8,2011-03-25,131.3
310,310,1310.19,2011-03-28,130.98
311,311,1319.44,2011-03-29,131.86
312,312,1328.26,2011-03-30,132.77
313,313,1325.83,2011-03-31,132.59
314,314,1332.41,2011-04-01,133.15
315,315,1332.87,2011-04-04,133.26
316,316,1332.63,2011-04-05,133.24
317,317,1335.54,2011-04-06,133.66
318,318,1333.51,2011-04-07,133.32
319,319,1328.17,2011-04-08,132.86
320,320,1324.46,2011-04-11,132.46
321,321,1314.16,2011-04-12,131.47
322,322,1314.41,2011-04-13,131.46
323,323,1314.52,2011-04-14,131.56
324,324,1319.68,2011-04-15,132.04
325,325,1305.14,2011-04-18,130.56
326,326,1312.62,2011-04-19,131.31
327,327,1330.36,2011-04-20,133.1
328,328,1337.38,2011-04-21,133.78
329,329,1335.25,2011-04-25,133.64
330,330,1347.24,2011-04-26,134.791
331,331,1355.66,2011-04-27,135.67
332,332,1360.48,2011-04-28,136.11
333,333,1363.61,2011-04-29,136.43
334,334,1361.22,2011-05-02,136.22
335,335,1356.62,2011-05-03,135.73
336,336,1347.32,2011-05-04,134.83
337,337,1335.1,2011-05-05,133.61
338,338,1340.2,2011-05-06,134.2
339,339,1346.29,2011-05-09,134.72
340,340,1357.16,2011-05-10,135.87
341,341,1342.08,2011-05-11,134.44
342,342,1348.65,2011-05-12,135.08
343,343,1337.77,2011-05-13,134.04
344,344,1329.47,2011-05-16,133.19
345,345,1328.98,2011-05-17,133.17
346,346,1340.68,2011-05-18,134.36
347,347,1343.6,2011-05-19,134.68
348,348,1333.27,2011-05-20,133.61
349,349,1317.37,2011-05-23,132.06
350,350,1316.28,2011-05-24,131.95
351,351,1320.47,2011-05-25,132.39
352,352,1325.69,2011-05-26,133.0
353,353,1331.1,2011-05-27,133.51
354,354,1345.2,2011-05-31,134.9
355,355,1314.55,2011-06-01,131.87
356,356,1312.94,2011-06-02,131.73
357,357,1300.16,2011-06-03,130.42
358,358,1286.17,2011-06-06,129.045
359,359,1284.94,2011-06-07,128.96
360,360,1279.56,2011-06-08,128.42
361,361,1289.0,2011-06-09,129.4
362,362,1270.98,2011-06-10,127.6
363,363,1271.83,2011-06-13,127.7
364,364,1287.87,2011-06-14,129.32
365,365,1265.42,2011-06-15,127.02
366,366,1267.64,2011-06-16,127.3
367,367,1271.5,2011-06-17,127.05
368,368,1278.36,2011-06-20,127.7
369,369,1295.52,2011-06-21,129.45
370,370,1287.14,2011-06-22,128.67
371,371,1283.5,2011-06-23,128.30100000000002
372,372,1268.45,2011-06-24,126.81
373,373,1280.1,2011-06-27,127.94
374,374,1296.67,2011-06-28,129.61
375,375,1307.41,2011-06-29,130.72
376,376,1320.64,2011-06-30,131.97
377,377,1339.67,2011-07-01,133.92
378,378,1337.88,2011-07-05,133.81
379,379,1339.22,2011-07-06,133.97
380,380,1353.22,2011-07-07,135.36
381,381,1343.8,2011-07-08,134.4
382,382,1319.49,2011-07-11,131.97
383,383,1313.64,2011-07-12,131.4
384,384,1317.72,2011-07-13,131.84
385,385,1308.87,2011-07-14,130.93
386,386,1316.14,2011-07-15,131.69
387,387,1305.44,2011-07-18,130.61
388,388,1326.73,2011-07-19,132.73
389,389,1325.84,2011-07-20,132.65
390,390,1343.8,2011-07-21,134.49
391,391,1345.02,2011-07-22,134.58
392,392,1337.43,2011-07-25,133.83
393,393,1331.94,2011-07-26,133.33
394,394,1304.89,2011-07-27,130.6
395,395,1300.67,2011-07-28,130.22
396,396,1292.28,2011-07-29,129.33
397,397,1286.94,2011-08-01,128.78
398,398,1254.05,2011-08-02,125.49
399,399,1260.34,2011-08-03,126.17
400,400,1200.07,2011-08-04,120.26
401,401,1199.38,2011-08-05,120.08
402,402,1119.46,2011-08-08,112.26
403,403,1172.53,2011-08-09,117.48
404,404,1120.76,2011-08-10,112.29
405,405,1172.64,2011-08-11,117.33
406,406,1178.81,2011-08-12,118.12
407,407,1204.49,2011-08-15,120.62
408,408,1192.76,2011-08-16,119.59
409,409,1193.89,2011-08-17,119.67
410,410,1140.65,2011-08-18,114.51
411,411,1123.53,2011-08-19,112.64
412,412,1123.82,2011-08-22,112.73
413,413,1162.35,2011-08-23,116.44
414,414,1177.6,2011-08-24,118.08
415,415,1159.27,2011-08-25,116.28
416,416,1176.8,2011-08-26,117.97
417,417,1210.08,2011-08-29,121.36
418,418,1212.92,2011-08-30,121.68
419,419,1218.89,2011-08-31,122.22
420,420,1204.42,2011-09-01,120.94
421,421,1173.97,2011-09-02,117.85
422,422,1165.24,2011-09-06,116.99
423,423,1198.62,2011-09-07,120.29
424,424,1185.9,2011-09-08,119.04
425,425,1154.23,2011-09-09,115.92
426,426,1162.27,2011-09-12,116.67
427,427,1172.87,2011-09-13,117.74
428,428,1188.68,2011-09-14,119.37
429,429,1209.11,2011-09-15,121.43
430,430,1216.01,2011-09-16,121.521
431,431,1204.09,2011-09-19,120.31
432,432,1202.09,2011-09-20,120.17
433,433,1166.76,2011-09-21,116.63
434,434,1129.56,2011-09-22,112.86
435,435,1136.43,2011-09-23,113.54
436,436,1162.95,2011-09-26,116.24
437,437,1175.38,2011-09-27,117.54
438,438,1151.06,2011-09-28,115.145
439,439,1160.4,2011-09-29,116.05
440,440,1131.42,2011-09-30,113.15
441,441,1099.23,2011-10-03,109.93
442,442,1123.95,2011-10-04,112.34
443,443,1144.03,2011-10-05,114.42
444,444,1164.97,2011-10-06,116.49
445,445,1155.46,2011-10-07,115.71
446,446,1194.89,2011-10-10,119.58
447,447,1195.54,2011-10-11,119.7
448,448,1207.25,2011-10-12,120.75
449,449,1203.66,2011-10-13,120.51
450,450,1224.58,2011-10-14,122.57
451,451,1200.86,2011-10-17,120.23
452,452,1225.38,2011-10-18,122.58
453,453,1209.88,2011-10-19,121.13
454,454,1215.39,2011-10-20,121.66
455,455,1238.25,2011-10-21,123.97
456,456,1254.19,2011-10-24,125.49
457,457,1229.05,2011-10-25,123.04899999999999
458,458,1242.0,2011-10-26,124.3
459,459,1284.59,2011-10-27,128.63
460,460,1285.09,2011-10-28,128.6
461,461,1253.3,2011-10-31,125.5
462,462,1218.28,2011-11-01,122.00200000000001
463,463,1237.9,2011-11-02,123.99
464,464,1261.15,2011-11-03,126.25
465,465,1253.23,2011-11-04,125.48100000000001
466,466,1261.12,2011-11-07,126.26
467,467,1275.92,2011-11-08,127.88
468,468,1229.1,2011-11-09,123.161
469,469,1239.69,2011-11-10,124.32
470,470,1263.85,2011-11-11,126.66
471,471,1251.78,2011-11-14,125.46
472,472,1257.81,2011-11-15,126.083
473,473,1236.91,2011-11-16,124.08
474,474,1216.13,2011-11-17,122.105
475,475,1215.65,2011-11-18,121.979
476,476,1192.98,2011-11-21,119.661
477,477,1188.04,2011-11-22,119.19
478,478,1161.79,2011-11-23,116.56
479,479,1158.67,2011-11-25,116.34
480,480,1192.55,2011-11-28,119.71
481,481,1195.19,2011-11-29,120.05
482,482,1246.96,2011-11-30,124.99
483,483,1244.58,2011-12-01,124.97
484,484,1244.28,2011-12-02,124.86
485,485,1257.08,2011-12-05,126.22
486,486,1258.47,2011-12-06,126.26
487,487,1261.01,2011-12-07,126.73
488,488,1234.35,2011-12-08,123.95
489,489,1255.19,2011-12-09,126.05
490,490,1236.47,2011-12-12,124.21
491,491,1225.73,2011-12-13,123.05
492,492,1211.82,2011-12-14,121.74
493,493,1215.75,2011-12-15,122.185
494,494,1219.66,2011-12-16,121.59
495,495,1205.35,2011-12-19,120.29
496,496,1241.3,2011-12-20,123.93
497,497,1243.72,2011-12-21,124.17
498,498,1254.0,2011-12-22,125.27
499,499,1265.33,2011-12-23,126.39
500,500,1265.43,2011-12-27,126.49
501,501,1249.64,2011-12-28,124.83
502,502,1263.02,2011-12-29,126.12
503,503,1257.6,2011-12-30,125.5
504,504,1277.06,2012-01-03,127.495
505,505,1277.3,2012-01-04,127.7
506,506,1281.06,2012-01-05,128.04
507,507,1277.81,2012-01-06,127.71
508,508,1280.7,2012-01-09,128.02
509,509,1292.08,2012-01-10,129.13
510,510,1292.48,2012-01-11,129.2
511,511,1295.5,2012-01-12,129.51
512,512,1289.09,2012-01-13,128.84
513,513,1293.67,2012-01-17,129.34
514,514,1308.04,2012-01-18,130.77
515,515,1314.5,2012-01-19,131.46
516,516,1315.38,2012-01-20,131.95
517,517,1316.0,2012-01-23,131.61
518,518,1314.65,2012-01-24,131.46
519,519,1326.05,2012-01-25,132.56
520,520,1318.43,2012-01-26,131.88
521,521,1316.33,2012-01-27,131.82
522,522,1313.01,2012-01-30,131.37
523,523,1312.41,2012-01-31,131.32
524,524,1324.09,2012-02-01,132.47
525,525,1325.54,2012-02-02,132.68
526,526,1344.9,2012-02-03,134.54
527,527,1344.33,2012-02-06,134.45
528,528,1347.05,2012-02-07,134.79
529,529,1349.96,2012-02-08,135.19
530,530,1351.95,2012-02-09,135.36
531,531,1342.64,2012-02-10,134.361
532,532,1351.77,2012-02-13,135.36
533,533,1350.5,2012-02-14,135.19
534,534,1343.23,2012-02-15,134.56
535,535,1358.04,2012-02-16,136.049
536,536,1361.23,2012-02-17,136.41
537,537,1362.21,2012-02-21,136.47
538,538,1357.66,2012-02-22,136.032
539,539,1363.46,2012-02-23,136.631
540,540,1365.74,2012-02-24,136.93
541,541,1367.59,2012-02-27,137.16
542,542,1372.18,2012-02-28,137.559
543,543,1365.68,2012-02-29,137.02
544,544,1374.09,2012-03-01,137.73
545,545,1369.63,2012-03-02,137.312
546,546,1364.33,2012-03-05,136.75
547,547,1343.36,2012-03-06,134.75
548,548,1352.63,2012-03-07,135.69
549,549,1365.91,2012-03-08,137.04
550,550,1370.87,2012-03-09,137.57
551,551,1371.09,2012-03-12,137.58
552,552,1395.95,2012-03-13,140.062
553,553,1394.28,2012-03-14,139.91
554,554,1402.6,2012-03-15,140.72
555,555,1404.17,2012-03-16,140.3
556,556,1409.75,2012-03-19,140.85
557,557,1405.52,2012-03-20,140.44
558,558,1402.89,2012-03-21,140.21
559,559,1392.78,2012-03-22,139.2
560,560,1397.11,2012-03-23,139.65
561,561,1416.51,2012-03-26,141.61
562,562,1412.52,2012-03-27,141.17
563,563,1405.54,2012-03-28,140.47
564,564,1403.28,2012-03-29,140.23
565,565,1408.47,2012-03-30,140.81
566,566,1419.04,2012-04-02,141.84
567,567,1413.38,2012-04-03,141.26
568,568,1398.96,2012-04-04,139.86
569,569,1398.08,2012-04-05,139.79
570,570,1382.2,2012-04-09,138.22
571,571,1358.59,2012-04-10,135.9
572,572,1368.71,2012-04-11,137.0
573,573,1387.57,2012-04-12,138.79
574,574,1370.26,2012-04-13,137.14
575,575,1369.57,2012-04-16,137.05
576,576,1390.78,2012-04-17,139.082
577,577,1385.14,2012-04-18,138.61
578,578,1376.92,2012-04-19,137.72
579,579,1378.53,2012-04-20,137.95
580,580,1366.94,2012-04-23,136.79
581,581,1371.97,2012-04-24,137.31
582,582,1390.69,2012-04-25,139.19
583,583,1399.98,2012-04-26,140.16
584,584,1403.36,2012-04-27,140.39
585,585,1397.91,2012-04-30,139.87
586,586,1405.82,2012-05-01,140.74
587,587,1402.31,2012-05-02,140.325
588,588,1391.57,2012-05-03,139.25
589,589,1369.1,2012-05-04,137.0
590,590,1369.58,2012-05-07,137.1
591,591,1363.72,2012-05-08,136.55
592,592,1354.58,2012-05-09,135.74
593,593,1357.99,2012-05-10,136.02
594,594,1353.39,2012-05-11,135.61
595,595,1338.35,2012-05-14,134.11
596,596,1330.66,2012-05-15,133.34
597,597,1324.8,2012-05-16,132.829
598,598,1304.86,2012-05-17,130.86
599,599,1295.22,2012-05-18,129.74
600,600,1315.99,2012-05-21,131.97
601,601,1316.63,2012-05-22,132.2
602,602,1318.86,2012-05-23,132.27
603,603,1320.68,2012-05-24,132.53
604,604,1317.82,2012-05-25,132.1
605,605,1332.42,2012-05-29,133.7
606,606,1313.32,2012-05-30,131.76
607,607,1310.33,2012-05-31,131.47
608,608,1278.04,2012-06-01,128.16
609,609,1278.18,2012-06-04,128.1
610,610,1285.5,2012-06-05,129.07
611,611,1315.13,2012-06-06,131.97
612,612,1314.99,2012-06-07,132.05
613,613,1325.66,2012-06-08,133.1
614,614,1308.93,2012-06-11,131.415
615,615,1324.18,2012-06-12,132.92
616,616,1314.88,2012-06-13,132.07
617,617,1329.1,2012-06-14,133.47
618,618,1342.84,2012-06-15,134.14
619,619,1344.78,2012-06-18,134.4
620,620,1357.98,2012-06-19,135.7
621,621,1355.69,2012-06-20,135.48
622,622,1325.51,2012-06-21,132.44
623,623,1335.02,2012-06-22,133.46
624,624,1313.72,2012-06-25,131.32
625,625,1319.99,2012-06-26,131.98
626,626,1331.85,2012-06-27,133.173
627,627,1329.04,2012-06-28,132.79
628,628,1362.16,2012-06-29,136.105
629,629,1365.51,2012-07-02,136.51
630,630,1374.02,2012-07-03,137.412
631,631,1367.58,2012-07-05,136.79
632,632,1354.68,2012-07-06,135.49
633,633,1352.46,2012-07-09,135.32
634,634,1341.47,2012-07-10,134.14
635,635,1341.45,2012-07-11,134.16
636,636,1334.76,2012-07-12,133.51
637,637,1356.78,2012-07-13,135.75
638,638,1353.64,2012-07-16,135.43
639,639,1363.67,2012-07-17,136.36
640,640,1372.78,2012-07-18,137.37
641,641,1376.51,2012-07-19,137.73
642,642,1362.66,2012-07-20,136.47
643,643,1350.52,2012-07-23,135.09
644,644,1338.31,2012-07-24,133.925
645,645,1337.89,2012-07-25,133.96
646,646,1360.02,2012-07-26,136.17
647,647,1385.97,2012-07-27,138.675
648,648,1385.3,2012-07-30,138.68
649,649,1379.32,2012-07-31,137.71
650,650,1375.14,2012-08-01,137.59
651,651,1365.0,2012-08-02,136.64
652,652,1390.99,2012-08-03,139.349
653,653,1394.23,2012-08-06,139.62
654,654,1401.35,2012-08-07,140.32
655,655,1402.22,2012-08-08,140.49
656,656,1402.8,2012-08-09,140.61
657,657,1405.87,2012-08-10,140.84
658,658,1404.11,2012-08-13,140.77
659,659,1403.93,2012-08-14,140.79
660,660,1405.53,2012-08-15,140.95
661,661,1415.51,2012-08-16,141.99
662,662,1418.16,2012-08-17,142.18
663,663,1418.13,2012-08-20,142.19
664,664,1413.17,2012-08-21,141.76
665,665,1413.49,2012-08-22,141.82
666,666,1402.08,2012-08-23,140.665
667,667,1411.13,2012-08-24,141.51
668,668,1410.44,2012-08-27,141.54
669,669,1409.3,2012-08-28,141.4
670,670,1410.49,2012-08-29,141.51
671,671,1399.48,2012-08-30,140.49
672,672,1406.58,2012-08-31,141.16
673,673,1404.94,2012-09-04,141.03
674,674,1403.44,2012-09-05,140.91
675,675,1432.12,2012-09-06,143.77
676,676,1437.92,2012-09-07,144.33
677,677,1429.08,2012-09-10,143.51
678,678,1433.56,2012-09-11,143.91
679,679,1436.56,2012-09-12,144.39
680,680,1459.99,2012-09-13,146.59
681,681,1465.77,2012-09-14,147.24
682,682,1461.19,2012-09-17,146.74
683,683,1459.32,2012-09-18,146.62
684,684,1461.05,2012-09-19,146.7
685,685,1460.26,2012-09-20,146.71
686,686,1460.15,2012-09-21,145.87
687,687,1456.89,2012-09-24,145.645
688,688,1441.59,2012-09-25,144.1
689,689,1433.32,2012-09-26,143.295
690,690,1447.15,2012-09-27,144.64
691,691,1440.67,2012-09-28,143.97
692,692,1444.49,2012-10-01,144.345
693,693,1445.75,2012-10-02,144.5
694,694,1450.99,2012-10-03,145.09
695,695,1461.4,2012-10-04,146.125
696,696,1460.93,2012-10-05,146.14
697,697,1455.88,2012-10-08,145.642
698,698,1441.48,2012-10-09,144.2
699,699,1432.56,2012-10-10,143.28
700,700,1432.84,2012-10-11,143.36
701,701,1428.59,2012-10-12,142.89
702,702,1440.13,2012-10-15,144.08
703,703,1454.92,2012-10-16,145.54
704,704,1460.91,2012-10-17,146.2
705,705,1457.34,2012-10-18,145.82
706,706,1433.19,2012-10-19,143.3896
707,707,1433.82,2012-10-22,143.41
708,708,1413.11,2012-10-23,141.42
709,709,1408.75,2012-10-24,141.02
710,710,1412.97,2012-10-25,141.43
711,711,1411.94,2012-10-26,141.35
712,712,1412.16,2012-10-31,141.35
713,713,1427.59,2012-11-01,142.83
714,714,1414.2,2012-11-02,141.56
715,715,1417.26,2012-11-05,141.8486
716,716,1428.39,2012-11-06,142.96
717,717,1394.53,2012-11-07,139.72
718,718,1377.51,2012-11-08,138.04
719,719,1379.85,2012-11-09,138.16
720,720,1380.03,2012-11-12,138.265
721,721,1374.53,2012-11-13,137.79
722,722,1355.49,2012-11-14,135.9299
723,723,1353.33,2012-11-15,135.7
724,724,1359.88,2012-11-16,136.37
725,725,1386.89,2012-11-19,139.13
726,726,1387.81,2012-11-20,139.19
727,727,1391.03,2012-11-21,139.45
728,728,1409.15,2012-11-23,141.35
729,729,1406.29,2012-11-26,141.05
730,730,1398.94,2012-11-27,140.33
731,731,1409.93,2012-11-28,141.46
732,732,1415.95,2012-11-29,142.12
733,733,1416.18,2012-11-30,142.155
734,734,1409.46,2012-12-03,141.45
735,735,1407.05,2012-12-04,141.25
736,736,1409.28,2012-12-05,141.5
737,737,1413.94,2012-12-06,141.98
738,738,1418.07,2012-12-07,142.415
739,739,1418.55,2012-12-10,142.47299999999998
740,740,1427.84,2012-12-11,143.44
741,741,1428.48,2012-12-12,143.51
742,742,1419.45,2012-12-13,142.63
743,743,1413.58,2012-12-14,142.1051
744,744,1430.36,2012-12-17,143.77
745,745,1446.79,2012-12-18,145.37
746,746,1435.81,2012-12-19,144.29
747,747,1443.69,2012-12-20,145.12
748,748,1430.15,2012-12-21,142.79
749,749,1426.66,2012-12-24,142.35
750,750,1419.83,2012-12-26,141.75
751,751,1418.1,2012-12-27,141.5616
752,752,1402.43,2012-12-28,140.03
753,753,1426.19,2012-12-31,142.41
754,754,1462.42,2013-01-02,146.06
755,755,1459.37,2013-01-03,145.7341
756,756,1466.47,2013-01-04,146.37
757,757,1461.89,2013-01-07,145.9695
758,758,1457.15,2013-01-08,145.5496
759,759,1461.02,2013-01-09,145.92
760,760,1472.12,2013-01-10,147.08
761,761,1472.05,2013-01-11,147.07
762,762,1470.68,2013-01-14,146.97
763,763,1472.34,2013-01-15,147.07
764,764,1472.63,2013-01-16,147.05
765,765,1480.94,2013-01-17,148.0
766,766,1485.98,2013-01-18,148.33
767,767,1492.56,2013-01-22,149.13
768,768,1494.81,2013-01-23,149.37
769,769,1494.82,2013-01-24,149.41
770,770,1502.96,2013-01-25,150.25
771,771,1500.18,2013-01-28,150.07
772,772,1507.84,2013-01-29,150.66
773,773,1501.96,2013-01-30,150.07
774,774,1498.11,2013-01-31,149.7
775,775,1513.17,2013-02-01,151.24
776,776,1495.71,2013-02-04,149.535
777,777,1511.29,2013-02-05,151.05
778,778,1512.12,2013-02-06,151.16
779,779,1509.39,2013-02-07,150.96
780,780,1517.93,2013-02-08,151.8
781,781,1517.01,2013-02-11,151.77
782,782,1519.43,2013-02-12,152.02
783,783,1520.33,2013-02-13,152.151
784,784,1521.38,2013-02-14,152.29
785,785,1519.79,2013-02-15,152.11
786,786,1530.94,2013-02-19,153.25
787,787,1511.95,2013-02-20,151.34
788,788,1502.42,2013-02-21,150.42
789,789,1515.6,2013-02-22,151.89
790,790,1487.85,2013-02-25,149.0
791,791,1496.94,2013-02-26,150.02
792,792,1515.99,2013-02-27,151.91
793,793,1514.68,2013-02-28,151.61
794,794,1518.2,2013-03-01,152.11
795,795,1525.2,2013-03-04,152.92
796,796,1539.79,2013-03-05,154.29
797,797,1541.46,2013-03-06,154.5
798,798,1544.26,2013-03-07,154.776
799,799,1551.18,2013-03-08,155.44
800,800,1556.22,2013-03-11,156.03
801,801,1552.48,2013-03-12,155.68
802,802,1554.52,2013-03-13,155.905
803,803,1563.23,2013-03-14,156.73
804,804,1560.7,2013-03-15,155.83
805,805,1552.1,2013-03-18,154.97
806,806,1548.34,2013-03-19,154.61
807,807,1558.71,2013-03-20,155.69
808,808,1545.8,2013-03-21,154.359
809,809,1556.89,2013-03-22,155.6
810,810,1551.69,2013-03-25,154.95
811,811,1563.77,2013-03-26,156.19
812,812,1562.85,2013-03-27,156.19
813,813,1569.19,2013-03-28,156.67
814,814,1562.17,2013-04-01,156.05
815,815,1570.25,2013-04-02,156.82
816,816,1553.69,2013-04-03,155.23
817,817,1559.98,2013-04-04,155.86
818,818,1553.28,2013-04-05,155.158
819,819,1563.07,2013-04-08,156.21
820,820,1568.61,2013-04-09,156.75
821,821,1587.73,2013-04-10,158.67
822,822,1593.37,2013-04-11,159.19
823,823,1588.85,2013-04-12,158.8
824,824,1552.36,2013-04-15,155.118
825,825,1574.57,2013-04-16,157.41
826,826,1552.01,2013-04-17,155.11
827,827,1541.61,2013-04-18,154.14
828,828,1555.25,2013-04-19,155.48
829,829,1562.5,2013-04-22,156.17
830,830,1578.78,2013-04-23,157.78
831,831,1578.79,2013-04-24,157.88
832,832,1585.16,2013-04-25,158.52
833,833,1582.24,2013-04-26,158.24
834,834,1593.61,2013-04-29,159.3
835,835,1597.57,2013-04-30,159.68
836,836,1582.7,2013-05-01,158.28
837,837,1597.59,2013-05-02,159.75
838,838,1614.42,2013-05-03,161.368
839,839,1617.5,2013-05-06,161.78
840,840,1625.96,2013-05-07,162.5999
841,841,1632.69,2013-05-08,163.34
842,842,1626.67,2013-05-09,162.881
843,843,1633.7,2013-05-10,163.41
844,844,1633.77,2013-05-13,163.54
845,845,1650.34,2013-05-14,165.23
846,846,1658.78,2013-05-15,166.115
847,847,1650.47,2013-05-16,165.34
848,848,1667.47,2013-05-17,166.94
849,849,1666.29,2013-05-20,166.93
850,850,1669.16,2013-05-21,167.17
851,851,1655.35,2013-05-22,165.93
852,852,1650.51,2013-05-23,165.45
853,853,1649.6,2013-05-24,165.308
854,854,1660.06,2013-05-28,166.3
855,855,1648.36,2013-05-29,165.22
856,856,1654.41,2013-05-30,165.83
857,857,1630.74,2013-05-31,163.445
858,858,1640.42,2013-06-03,164.35
859,859,1631.38,2013-06-04,163.56
860,860,1608.9,2013-06-05,161.27200000000002
861,861,1622.56,2013-06-06,162.73
862,862,1643.38,2013-06-07,164.8
863,863,1642.81,2013-06-10,164.8
864,864,1626.13,2013-06-11,163.09799999999998
865,865,1612.52,2013-06-12,161.75
866,866,1636.36,2013-06-13,164.21
867,867,1626.73,2013-06-14,163.175
868,868,1639.04,2013-06-17,164.44
869,869,1651.81,2013-06-18,165.735
870,870,1628.93,2013-06-19,163.45
871,871,1588.19,2013-06-20,159.4
872,872,1592.43,2013-06-21,159.07
873,873,1573.09,2013-06-24,157.06
874,874,1588.03,2013-06-25,158.575
875,875,1603.26,2013-06-26,160.14
876,876,1613.2,2013-06-27,161.08
877,877,1606.28,2013-06-28,160.42
878,878,1614.96,2013-07-01,161.36
879,879,1614.08,2013-07-02,161.21
880,880,1615.41,2013-07-03,161.28
881,881,1631.89,2013-07-05,163.02
882,882,1640.46,2013-07-08,163.945
883,883,1652.32,2013-07-09,165.13
884,884,1652.62,2013-07-10,165.192
885,885,1675.02,2013-07-11,167.44
886,886,1680.19,2013-07-12,167.51
887,887,1682.5,2013-07-15,168.155
888,888,1676.26,2013-07-16,167.525
889,889,1680.91,2013-07-17,167.9501
890,890,1689.37,2013-07-18,168.87
891,891,1692.09,2013-07-19,169.17
892,892,1695.53,2013-07-22,169.5
893,893,1692.39,2013-07-23,169.14
894,894,1685.94,2013-07-24,168.52
895,895,1690.25,2013-07-25,168.93
896,896,1691.65,2013-07-26,169.11
897,897,1685.33,2013-07-29,168.59
898,898,1685.96,2013-07-30,168.588
899,899,1685.73,2013-07-31,168.71
900,900,1706.87,2013-08-01,170.66
901,901,1709.67,2013-08-02,170.95
902,902,1707.14,2013-08-05,170.7
903,903,1697.37,2013-08-06,169.73
904,904,1690.91,2013-08-07,169.18
905,905,1697.48,2013-08-08,169.8
906,906,1691.42,2013-08-09,169.31
907,907,1689.47,2013-08-12,169.111
908,908,1694.16,2013-08-13,169.61
909,909,1685.39,2013-08-14,168.74
910,910,1661.32,2013-08-15,166.38
911,911,1655.83,2013-08-16,165.83
912,912,1646.06,2013-08-19,164.77
913,913,1652.35,2013-08-20,165.58
914,914,1642.8,2013-08-21,164.56
915,915,1656.96,2013-08-22,166.06
916,916,1663.5,2013-08-23,166.62
917,917,1656.78,2013-08-26,166.0
918,918,1630.48,2013-08-27,163.33
919,919,1634.96,2013-08-28,163.91
920,920,1638.17,2013-08-29,164.17
921,921,1632.97,2013-08-30,163.65
922,922,1639.77,2013-09-03,164.39
923,923,1653.08,2013-09-04,165.75
924,924,1655.08,2013-09-05,165.96
925,925,1655.17,2013-09-06,166.04
926,926,1671.71,2013-09-09,167.63400000000001
927,927,1683.99,2013-09-10,168.87
928,928,1689.13,2013-09-11,169.4
929,929,1683.42,2013-09-12,168.95
930,930,1687.99,2013-09-13,169.33
931,931,1697.6,2013-09-16,170.31
932,932,1704.76,2013-09-17,171.07
933,933,1725.52,2013-09-18,173.051
934,934,1722.34,2013-09-19,172.76
935,935,1709.91,2013-09-20,170.72
936,936,1701.84,2013-09-23,169.93
937,937,1697.42,2013-09-24,169.53
938,938,1692.77,2013-09-25,169.04
939,939,1698.67,2013-09-26,169.69
940,940,1691.75,2013-09-27,168.90900000000002
941,941,1681.55,2013-09-30,168.01
942,942,1695.0,2013-10-01,169.34
943,943,1693.87,2013-10-02,169.18
944,944,1678.66,2013-10-03,167.62
945,945,1690.5,2013-10-04,168.89
946,946,1676.12,2013-10-07,167.43
947,947,1655.45,2013-10-08,165.48
948,948,1656.4,2013-10-09,165.6
949,949,1692.56,2013-10-10,169.17
950,950,1703.2,2013-10-11,170.26
951,951,1710.14,2013-10-14,170.94
952,952,1698.06,2013-10-15,169.7
953,953,1721.54,2013-10-16,172.07
954,954,1733.15,2013-10-17,173.22
955,955,1744.5,2013-10-18,174.388
956,956,1744.66,2013-10-21,174.4
957,957,1754.67,2013-10-22,175.41
958,958,1746.38,2013-10-23,174.57
959,959,1752.07,2013-10-24,175.15
960,960,1759.77,2013-10-25,175.95
961,961,1762.11,2013-10-28,176.23
962,962,1771.95,2013-10-29,177.17
963,963,1763.31,2013-10-30,176.29
964,964,1756.54,2013-10-31,175.79
965,965,1761.64,2013-11-01,176.21
966,966,1767.93,2013-11-04,176.83
967,967,1762.97,2013-11-05,176.27
968,968,1770.49,2013-11-06,177.17
969,969,1747.15,2013-11-07,174.93
970,970,1770.61,2013-11-08,177.29
971,971,1771.89,2013-11-11,177.32
972,972,1767.69,2013-11-12,176.96
973,973,1782.0,2013-11-13,178.38
974,974,1790.62,2013-11-14,179.27
975,975,1798.18,2013-11-15,180.05
976,976,1791.53,2013-11-18,179.42
977,977,1787.87,2013-11-19,179.03
978,978,1781.37,2013-11-20,178.47
979,979,1795.85,2013-11-21,179.91
980,980,1804.76,2013-11-22,180.81
981,981,1802.48,2013-11-25,180.63
982,982,1802.75,2013-11-26,180.68
983,983,1807.23,2013-11-27,181.12
984,984,1805.81,2013-11-29,181.0
985,985,1800.9,2013-12-02,180.53
986,986,1795.15,2013-12-03,179.75
987,987,1792.81,2013-12-04,179.73
988,988,1785.03,2013-12-05,178.94
989,989,1805.09,2013-12-06,180.94
990,990,1808.37,2013-12-09,181.4
991,991,1802.62,2013-12-10,180.75
992,992,1782.22,2013-12-11,178.72
993,993,1775.5,2013-12-12,178.13
994,994,1775.32,2013-12-13,178.11
995,995,1786.54,2013-12-16,179.21599999999998
996,996,1781.0,2013-12-17,178.65
997,997,1810.65,2013-12-18,181.7
998,998,1809.6,2013-12-19,181.49
999,999,1818.32,2013-12-20,181.56
1000,1000,1827.99,2013-12-23,182.53
1001,1001,1833.32,2013-12-24,182.93
1002,1002,1842.02,2013-12-26,183.855
1003,1003,1841.4,2013-12-27,183.845
1004,1004,1841.07,2013-12-30,183.82
1005,1005,1848.36,2013-12-31,184.69
1006,1006,1831.98,2014-01-02,182.92
1007,1007,1831.37,2014-01-03,182.885
1008,1008,1826.77,2014-01-06,182.36
1009,1009,1837.88,2014-01-07,183.48
1010,1010,1837.49,2014-01-08,183.52
1011,1011,1838.13,2014-01-09,183.64
1012,1012,1842.37,2014-01-10,184.14
1013,1013,1819.2,2014-01-13,181.685
1014,1014,1838.88,2014-01-14,183.67
1015,1015,1848.38,2014-01-15,184.66
1016,1016,1845.89,2014-01-16,184.42
1017,1017,1838.7,2014-01-17,183.635
1018,1018,1843.8,2014-01-21,184.18
1019,1019,1844.86,2014-01-22,184.3
1020,1020,1828.46,2014-01-23,182.79
1021,1021,1790.29,2014-01-24,178.89
1022,1022,1781.56,2014-01-27,178.01
1023,1023,1792.5,2014-01-28,179.07
1024,1024,1774.2,2014-01-29,177.35
1025,1025,1794.19,2014-01-30,179.23
1026,1026,1782.59,2014-01-31,178.18
1027,1027,1741.89,2014-02-03,174.17
1028,1028,1755.2,2014-02-04,175.385
1029,1029,1751.64,2014-02-05,175.17
1030,1030,1773.43,2014-02-06,177.48
1031,1031,1797.02,2014-02-07,179.68
1032,1032,1799.84,2014-02-10,180.01
1033,1033,1819.75,2014-02-11,181.98
1034,1034,1819.26,2014-02-12,182.07
1035,1035,1829.83,2014-02-13,183.01
1036,1036,1838.63,2014-02-14,184.02
1037,1037,1840.76,2014-02-18,184.24
1038,1038,1828.75,2014-02-19,183.02
1039,1039,1839.78,2014-02-20,184.1
1040,1040,1836.25,2014-02-21,183.89
1041,1041,1847.61,2014-02-24,184.91
1042,1042,1845.12,2014-02-25,184.84
1043,1043,1845.16,2014-02-26,184.85
1044,1044,1854.29,2014-02-27,185.82
1045,1045,1859.45,2014-02-28,186.29
1046,1046,1845.73,2014-03-03,184.98
1047,1047,1873.91,2014-03-04,187.58
1048,1048,1873.81,2014-03-05,187.75
1049,1049,1877.03,2014-03-06,188.18
1050,1050,1878.04,2014-03-07,188.26
1051,1051,1877.17,2014-03-10,188.16
1052,1052,1867.63,2014-03-11,187.23
1053,1053,1868.2,2014-03-12,187.28
1054,1054,1846.34,2014-03-13,185.18
1055,1055,1841.13,2014-03-14,184.66
1056,1056,1858.83,2014-03-17,186.33
1057,1057,1872.25,2014-03-18,187.66
1058,1058,1860.77,2014-03-19,186.66
1059,1059,1872.01,2014-03-20,187.747
1060,1060,1866.52,2014-03-21,186.2
1061,1061,1857.44,2014-03-24,185.43
1062,1062,1865.62,2014-03-25,186.31
1063,1063,1852.56,2014-03-26,184.97
1064,1064,1849.04,2014-03-27,184.58
1065,1065,1857.62,2014-03-28,185.49
1066,1066,1872.34,2014-03-31,187.01
1067,1067,1885.52,2014-04-01,188.25
1068,1068,1890.9,2014-04-02,188.88
1069,1069,1888.77,2014-04-03,188.63
1070,1070,1865.09,2014-04-04,186.4
1071,1071,1845.04,2014-04-07,184.34
1072,1072,1851.96,2014-04-08,185.1
1073,1073,1872.18,2014-04-09,187.09
1074,1074,1833.08,2014-04-10,183.155
1075,1075,1815.69,2014-04-11,181.51
1076,1076,1830.61,2014-04-14,182.9401
1077,1077,1842.98,2014-04-15,184.2
1078,1078,1862.31,2014-04-16,186.125
1079,1079,1864.85,2014-04-17,186.39
1080,1080,1871.89,2014-04-21,187.04
1081,1081,1879.55,2014-04-22,187.89
1082,1082,1875.39,2014-04-23,187.45
1083,1083,1878.61,2014-04-24,187.83
1084,1084,1863.4,2014-04-25,186.29
1085,1085,1869.43,2014-04-28,186.875
1086,1086,1878.33,2014-04-29,187.75
1087,1087,1883.95,2014-04-30,188.31
1088,1088,1883.68,2014-05-01,188.325
1089,1089,1881.14,2014-05-02,188.06
1090,1090,1884.66,2014-05-05,188.42
1091,1091,1867.72,2014-05-06,186.78
1092,1092,1878.21,2014-05-07,187.88
1093,1093,1875.63,2014-05-08,187.675
1094,1094,1878.48,2014-05-09,187.96
1095,1095,1896.65,2014-05-12,189.785
1096,1096,1897.45,2014-05-13,189.96
1097,1097,1888.53,2014-05-14,189.06
1098,1098,1870.85,2014-05-15,187.4
1099,1099,1877.86,2014-05-16,188.05
1100,1100,1885.08,2014-05-19,188.74
1101,1101,1872.83,2014-05-20,187.55
1102,1102,1888.03,2014-05-21,189.13
1103,1103,1892.49,2014-05-22,189.59
1104,1104,1900.53,2014-05-23,190.35
1105,1105,1911.91,2014-05-27,191.52
1106,1106,1909.78,2014-05-28,191.38
1107,1107,1920.03,2014-05-29,192.37
1108,1108,1923.57,2014-05-30,192.68
1109,1109,1924.97,2014-06-02,192.895
1110,1110,1924.24,2014-06-03,192.8
1111,1111,1927.88,2014-06-04,193.19
1112,1112,1940.46,2014-06-05,194.45
1113,1113,1949.44,2014-06-06,195.375
1114,1114,1951.27,2014-06-09,195.58
1115,1115,1950.79,2014-06-10,195.6
1116,1116,1943.89,2014-06-11,194.92
1117,1117,1930.11,2014-06-12,193.54
1118,1118,1936.16,2014-06-13,194.13
1119,1119,1937.78,2014-06-16,194.29
1120,1120,1941.99,2014-06-17,194.83
1121,1121,1956.98,2014-06-18,196.255
1122,1122,1959.48,2014-06-19,196.48
1123,1123,1962.87,2014-06-20,195.94
1124,1124,1962.61,2014-06-23,195.88
1125,1125,1949.98,2014-06-24,194.7
1126,1126,1959.53,2014-06-25,195.58
1127,1127,1957.22,2014-06-26,195.44
1128,1128,1960.96,2014-06-27,195.82
1129,1129,1960.23,2014-06-30,195.72
1130,1130,1973.32,2014-07-01,197.03
1131,1131,1974.62,2014-07-02,197.23
1132,1132,1985.44,2014-07-03,198.2
1133,1133,1977.65,2014-07-07,197.51
1134,1134,1963.71,2014-07-08,196.24
1135,1135,1972.83,2014-07-09,197.12
1136,1136,1964.68,2014-07-10,196.34
1137,1137,1967.57,2014-07-11,196.61
1138,1138,1977.1,2014-07-14,197.6
1139,1139,1973.28,2014-07-15,197.23
1140,1140,1981.57,2014-07-16,197.96
1141,1141,1958.12,2014-07-17,195.71
1142,1142,1978.22,2014-07-18,197.7099
1143,1143,1973.63,2014-07-21,197.34
1144,1144,1983.53,2014-07-22,198.2
1145,1145,1987.01,2014-07-23,198.64
1146,1146,1987.98,2014-07-24,198.65
1147,1147,1978.34,2014-07-25,197.72
1148,1148,1978.91,2014-07-28,197.8
1149,1149,1969.95,2014-07-29,196.95
1150,1150,1970.07,2014-07-30,196.98
1151,1151,1930.67,2014-07-31,193.09
1152,1152,1925.15,2014-08-01,192.5
1153,1153,1938.99,2014-08-04,193.89
1154,1154,1920.21,2014-08-05,192.01
1155,1155,1920.24,2014-08-06,192.07
1156,1156,1909.57,2014-08-07,191.03
1157,1157,1931.59,2014-08-08,193.24
1158,1158,1936.92,2014-08-11,193.795
1159,1159,1933.75,2014-08-12,193.53
1160,1160,1946.72,2014-08-13,194.84
1161,1161,1955.18,2014-08-14,195.76
1162,1162,1955.06,2014-08-15,195.72
1163,1163,1971.74,2014-08-18,197.36
1164,1164,1981.6,2014-08-19,198.39
1165,1165,1986.51,2014-08-20,198.92
1166,1166,1992.37,2014-08-21,199.5
1167,1167,1988.4,2014-08-22,199.19
1168,1168,1997.92,2014-08-25,200.2
1169,1169,2000.02,2014-08-26,200.33
1170,1170,2000.12,2014-08-27,200.25
1171,1171,1996.74,2014-08-28,200.14
1172,1172,2003.37,2014-08-29,200.71
1173,1173,2002.28,2014-09-02,200.61
1174,1174,2000.72,2014-09-03,200.5
1175,1175,1997.65,2014-09-04,200.2101
1176,1176,2007.71,2014-09-05,201.11
1177,1177,2001.54,2014-09-08,200.59
1178,1178,1988.44,2014-09-09,199.32
1179,1179,1995.69,2014-09-10,200.07
1180,1180,1997.45,2014-09-11,200.3
1181,1181,1985.54,2014-09-12,199.13
1182,1182,1984.13,2014-09-15,198.981
1183,1183,1998.98,2014-09-16,200.48
1184,1184,2001.57,2014-09-17,200.75
1185,1185,2011.36,2014-09-18,201.82
1186,1186,2010.4,2014-09-19,200.7
1187,1187,1994.29,2014-09-22,199.15
1188,1188,1982.77,2014-09-23,198.01
1189,1189,1998.3,2014-09-24,199.56
1190,1190,1965.99,2014-09-25,196.34
1191,1191,1982.85,2014-09-26,197.9
1192,1192,1977.8,2014-09-29,197.54
1193,1193,1972.29,2014-09-30,197.02
1194,1194,1946.16,2014-10-01,194.35
1195,1195,1946.17,2014-10-02,194.38
1196,1196,1967.9,2014-10-03,196.52
1197,1197,1964.82,2014-10-06,196.29
1198,1198,1935.1,2014-10-07,193.26
1199,1199,1968.89,2014-10-08,196.64
1200,1200,1928.21,2014-10-09,192.74
1201,1201,1906.13,2014-10-10,190.54
1202,1202,1874.74,2014-10-13,187.4099
1203,1203,1877.7,2014-10-14,187.7
1204,1204,1862.49,2014-10-15,186.43
1205,1205,1862.76,2014-10-16,186.27
1206,1206,1886.76,2014-10-17,188.47
1207,1207,1904.01,2014-10-20,190.3
1208,1208,1941.28,2014-10-21,194.07
1209,1209,1927.11,2014-10-22,192.69
1210,1210,1950.82,2014-10-23,194.93
1211,1211,1964.58,2014-10-24,196.43
1212,1212,1961.63,2014-10-27,196.16
1213,1213,1985.05,2014-10-28,198.41
1214,1214,1982.3,2014-10-29,198.11
1215,1215,1994.65,2014-10-30,199.38
1216,1216,2018.05,2014-10-31,201.66
1217,1217,2017.81,2014-11-03,201.77
1218,1218,2012.1,2014-11-04,201.07
1219,1219,2023.57,2014-11-05,202.34
1220,1220,2031.21,2014-11-06,203.15
1221,1221,2031.92,2014-11-07,203.34
1222,1222,2038.26,2014-11-10,203.98
1223,1223,2039.68,2014-11-11,204.175
1224,1224,2038.25,2014-11-12,203.96
1225,1225,2039.33,2014-11-13,204.19
1226,1226,2039.82,2014-11-14,204.24
1227,1227,2041.32,2014-11-17,204.37
1228,1228,2051.8,2014-11-18,205.55
1229,1229,2048.72,2014-11-19,205.22
1230,1230,2052.75,2014-11-20,205.58
1231,1231,2063.5,2014-11-21,206.68
1232,1232,2069.41,2014-11-24,207.26
1233,1233,2067.03,2014-11-25,207.11
1234,1234,2072.83,2014-11-26,207.64
1235,1235,2067.56,2014-11-28,207.2
1236,1236,2053.44,2014-12-01,205.76
1237,1237,2066.55,2014-12-02,207.085
1238,1238,2074.33,2014-12-03,207.89
1239,1239,2071.92,2014-12-04,207.66
1240,1240,2075.37,2014-12-05,208.0
1241,1241,2060.31,2014-12-08,206.61
1242,1242,2059.82,2014-12-09,206.47
1243,1243,2026.14,2014-12-10,203.1601
1244,1244,2035.33,2014-12-11,204.19
1245,1245,2002.33,2014-12-12,200.89
1246,1246,1989.63,2014-12-15,199.51
1247,1247,1972.74,2014-12-16,197.91
1248,1248,2012.89,2014-12-17,201.79
1249,1249,2061.23,2014-12-18,206.78
1250,1250,2070.65,2014-12-19,206.52
1251,1251,2078.54,2014-12-22,207.47
1252,1252,2082.17,2014-12-23,207.75
1253,1253,2081.88,2014-12-24,207.77
1254,1254,2088.77,2014-12-26,208.44
1255,1255,2090.57,2014-12-29,208.72
1256,1256,2080.35,2014-12-30,207.6
1257,1257,2058.9,2014-12-31,205.54
1258,1258,2058.2,2015-01-02,205.43
1259,1259,2020.58,2015-01-05,201.72
1260,1260,2002.61,2015-01-06,199.82
1261,1261,2025.9,2015-01-07,202.31
1262,1262,2062.14,2015-01-08,205.9
1263,1263,2044.81,2015-01-09,204.25
1264,1264,2028.26,2015-01-12,202.65
1265,1265,2023.03,2015-01-13,202.08
1266,1266,2011.27,2015-01-14,200.86
1267,1267,1992.67,2015-01-15,199.0199
1268,1268,2019.42,2015-01-16,201.63
1269,1269,2022.55,2015-01-20,202.055
1270,1270,2032.12,2015-01-21,203.08
1271,1271,2063.15,2015-01-22,206.1
1272,1272,2051.82,2015-01-23,204.97
1273,1273,2057.09,2015-01-26,205.45
1274,1274,2029.55,2015-01-27,202.74
1275,1275,2002.16,2015-01-28,200.14
1276,1276,2021.25,2015-01-29,201.9902
1277,1277,1994.99,2015-01-30,199.45
1278,1278,2020.85,2015-02-02,201.92
1279,1279,2050.03,2015-02-03,204.84
1280,1280,2041.51,2015-02-04,204.06
1281,1281,2062.52,2015-02-05,206.12
1282,1282,2055.47,2015-02-06,205.55
1283,1283,2046.74,2015-02-09,204.63
1284,1284,2068.59,2015-02-10,206.81
1285,1285,2068.53,2015-02-11,206.93
1286,1286,2088.48,2015-02-12,208.92
1287,1287,2096.99,2015-02-13,209.78
1288,1288,2100.34,2015-02-17,210.11
1289,1289,2099.68,2015-02-18,210.13
1290,1290,2097.45,2015-02-19,209.98
1291,1291,2110.3,2015-02-20,211.239
1292,1292,2109.66,2015-02-23,211.209
1293,1293,2115.48,2015-02-24,211.81
1294,1294,2113.86,2015-02-25,211.63
1295,1295,2110.74,2015-02-26,211.38
1296,1296,2104.5,2015-02-27,210.66
1297,1297,2117.39,2015-03-02,211.99
1298,1298,2107.78,2015-03-03,211.12
1299,1299,2098.53,2015-03-04,210.2301
1300,1300,2101.04,2015-03-05,210.46
1301,1301,2071.26,2015-03-06,207.5
1302,1302,2079.43,2015-03-09,208.36
1303,1303,2044.16,2015-03-10,204.98
1304,1304,2040.24,2015-03-11,204.5
1305,1305,2065.95,2015-03-12,207.1
1306,1306,2053.4,2015-03-13,205.8272
1307,1307,2081.19,2015-03-16,208.58
1308,1308,2074.28,2015-03-17,207.96
1309,1309,2099.5,2015-03-18,210.46
1310,1310,2089.27,2015-03-19,209.5
1311,1311,2108.1,2015-03-20,210.41
1312,1312,2104.42,2015-03-23,210.0
1313,1313,2091.5,2015-03-24,208.82
1314,1314,2061.05,2015-03-25,205.76
1315,1315,2056.15,2015-03-26,205.27
1316,1316,2061.02,2015-03-27,205.74
1317,1317,2086.24,2015-03-30,208.25
1318,1318,2067.89,2015-03-31,206.43
1319,1319,2059.69,2015-04-01,205.7
1320,1320,2066.96,2015-04-02,206.435
1321,1321,2080.62,2015-04-06,207.83
1322,1322,2076.33,2015-04-07,207.28
1323,1323,2081.9,2015-04-08,207.975
1324,1324,2091.18,2015-04-09,208.9
1325,1325,2102.06,2015-04-10,210.04
1326,1326,2092.43,2015-04-13,209.09
1327,1327,2095.84,2015-04-14,209.49
1328,1328,2106.63,2015-04-15,210.43
1329,1329,2104.99,2015-04-16,210.37
1330,1330,2081.18,2015-04-17,207.95
1331,1331,2100.4,2015-04-20,209.85
1332,1332,2097.29,2015-04-21,209.6
1333,1333,2107.96,2015-04-22,210.63
1334,1334,2112.93,2015-04-23,211.16
1335,1335,2117.69,2015-04-24,211.6499
1336,1336,2108.92,2015-04-27,210.77
1337,1337,2114.76,2015-04-28,211.44
1338,1338,2106.85,2015-04-29,210.57
1339,1339,2085.51,2015-04-30,208.46
1340,1340,2108.29,2015-05-01,210.72
1341,1341,2114.49,2015-05-04,211.32
1342,1342,2089.46,2015-05-05,208.9
1343,1343,2080.15,2015-05-06,208.04
1344,1344,2088.0,2015-05-07,208.87
1345,1345,2116.1,2015-05-08,211.62
1346,1346,2105.33,2015-05-11,210.605
1347,1347,2099.12,2015-05-12,209.98
1348,1348,2098.48,2015-05-13,210.02
1349,1349,2121.1,2015-05-14,212.21
1350,1350,2122.73,2015-05-15,212.44
1351,1351,2129.2,2015-05-18,213.1
1352,1352,2127.83,2015-05-19,213.03
1353,1353,2125.85,2015-05-20,212.88
1354,1354,2130.82,2015-05-21,213.5
1355,1355,2126.06,2015-05-22,212.99
1356,1356,2104.2,2015-05-26,210.7
1357,1357,2123.48,2015-05-27,212.7
1358,1358,2120.79,2015-05-28,212.46
1359,1359,2107.39,2015-05-29,211.14
1360,1360,2111.73,2015-06-01,211.57
1361,1361,2109.6,2015-06-02,211.36
1362,1362,2114.07,2015-06-03,211.92
1363,1363,2095.84,2015-06-04,210.1292
1364,1364,2092.83,2015-06-05,209.77
1365,1365,2079.28,2015-06-08,208.48
1366,1366,2080.15,2015-06-09,208.45
1367,1367,2105.2,2015-06-10,210.95
1368,1368,2108.86,2015-06-11,211.63
1369,1369,2094.11,2015-06-12,210.01
1370,1370,2084.43,2015-06-15,209.11
1371,1371,2096.29,2015-06-16,210.25
1372,1372,2100.44,2015-06-17,210.59
1373,1373,2121.24,2015-06-18,212.78
1374,1374,2109.99,2015-06-19,210.81
1375,1375,2122.85,2015-06-22,211.89
1376,1376,2124.2,2015-06-23,212.04
1377,1377,2108.58,2015-06-24,210.5
1378,1378,2102.31,2015-06-25,209.86
1379,1379,2101.49,2015-06-26,209.82
1380,1380,2057.64,2015-06-29,205.42
1381,1381,2063.11,2015-06-30,205.85
1382,1382,2077.42,2015-07-01,207.5
1383,1383,2076.78,2015-07-02,207.31
1384,1384,2068.76,2015-07-06,206.72
1385,1385,2081.34,2015-07-07,208.02
1386,1386,2046.68,2015-07-08,204.53
1387,1387,2051.31,2015-07-09,204.9
1388,1388,2076.62,2015-07-10,207.48
1389,1389,2099.6,2015-07-13,209.77
1390,1390,2108.95,2015-07-14,210.68
1391,1391,2107.4,2015-07-15,210.61
1392,1392,2124.29,2015-07-16,212.3
1393,1393,2126.64,2015-07-17,212.48
1394,1394,2128.28,2015-07-20,212.59
1395,1395,2119.21,2015-07-21,211.75
1396,1396,2114.15,2015-07-22,211.37
1397,1397,2102.15,2015-07-23,210.18
1398,1398,2079.65,2015-07-24,208.0
1399,1399,2067.64,2015-07-27,206.79
1400,1400,2093.25,2015-07-28,209.33
1401,1401,2108.57,2015-07-29,210.77
1402,1402,2108.63,2015-07-30,210.82
1403,1403,2103.84,2015-07-31,210.5
1404,1404,2098.04,2015-08-03,209.79
1405,1405,2093.32,2015-08-04,209.38
1406,1406,2099.84,2015-08-05,210.07
1407,1407,2083.56,2015-08-06,208.35
1408,1408,2077.57,2015-08-07,207.95
1409,1409,2104.18,2015-08-10,210.57
1410,1410,2084.07,2015-08-11,208.67
1411,1411,2086.05,2015-08-12,208.92
1412,1412,2083.39,2015-08-13,208.66
1413,1413,2091.54,2015-08-14,209.42
1414,1414,2102.44,2015-08-17,210.59
1415,1415,2096.92,2015-08-18,209.98
1416,1416,2079.61,2015-08-19,208.32
1417,1417,2035.73,2015-08-20,203.97
1418,1418,1970.89,2015-08-21,197.83
1419,1419,1893.21,2015-08-24,189.5
1420,1420,1867.61,2015-08-25,187.27
1421,1421,1940.51,2015-08-26,194.46
1422,1422,1987.66,2015-08-27,199.27
1423,1423,1988.87,2015-08-28,199.28
1424,1424,1972.18,2015-08-31,197.67
1425,1425,1913.85,2015-09-01,191.77
1426,1426,1948.86,2015-09-02,195.41
1427,1427,1951.13,2015-09-03,195.55
1428,1428,1921.22,2015-09-04,192.59
1429,1429,1969.41,2015-09-08,197.43
1430,1430,1942.04,2015-09-09,194.79
1431,1431,1952.29,2015-09-10,195.85
1432,1432,1961.05,2015-09-11,196.74
1433,1433,1953.03,2015-09-14,196.01
1434,1434,1978.09,2015-09-15,198.46
1435,1435,1995.31,2015-09-16,200.18
1436,1436,1990.2,2015-09-17,199.73
1437,1437,1958.03,2015-09-18,195.45
1438,1438,1966.97,2015-09-21,196.46
1439,1439,1942.74,2015-09-22,193.91
1440,1440,1938.76,2015-09-23,193.6
1441,1441,1932.24,2015-09-24,192.9
1442,1442,1931.34,2015-09-25,192.85
1443,1443,1881.77,2015-09-28,188.01
1444,1444,1884.09,2015-09-29,188.12
1445,1445,1920.03,2015-09-30,191.63
1446,1446,1923.82,2015-10-01,192.13
1447,1447,1951.36,2015-10-02,195.0
1448,1448,1987.05,2015-10-05,198.47
1449,1449,1979.92,2015-10-06,197.79
1450,1450,1995.83,2015-10-07,199.41
1451,1451,2013.43,2015-10-08,201.21
1452,1452,2014.89,2015-10-09,201.33
1453,1453,2017.46,2015-10-12,201.52
1454,1454,2003.69,2015-10-13,200.25
1455,1455,1994.24,2015-10-14,199.29
1456,1456,2023.86,2015-10-15,202.35
1457,1457,2033.11,2015-10-16,203.27
1458,1458,2033.66,2015-10-19,203.37
1459,1459,2030.77,2015-10-20,203.11
1460,1460,2018.94,2015-10-21,201.85
1461,1461,2052.51,2015-10-22,205.26
1462,1462,2075.15,2015-10-23,207.51
1463,1463,2071.18,2015-10-26,207.0
1464,1464,2065.89,2015-10-27,206.6
1465,1465,2090.35,2015-10-28,208.95
1466,1466,2089.41,2015-10-29,208.83
1467,1467,2079.36,2015-10-30,207.93
1468,1468,2104.05,2015-11-02,210.39
1469,1469,2109.79,2015-11-03,211.0
1470,1470,2102.31,2015-11-04,210.36
1471,1471,2099.93,2015-11-05,210.15
1472,1472,2099.2,2015-11-06,210.04
1473,1473,2078.58,2015-11-09,208.08
1474,1474,2081.72,2015-11-10,208.56
1475,1475,2075.0,2015-11-11,207.74
1476,1476,2045.97,2015-11-12,204.84
1477,1477,2023.04,2015-11-13,202.54
1478,1478,2053.19,2015-11-16,205.62
1479,1479,2050.44,2015-11-17,205.47
1480,1480,2083.58,2015-11-18,208.73
1481,1481,2081.24,2015-11-19,208.55
1482,1482,2089.17,2015-11-20,209.3108
1483,1483,2086.59,2015-11-23,209.07
1484,1484,2089.14,2015-11-24,209.35
1485,1485,2088.87,2015-11-25,209.32
1486,1486,2090.11,2015-11-27,209.56
1487,1487,2080.41,2015-11-30,208.69
1488,1488,2102.63,2015-12-01,210.68
1489,1489,2079.51,2015-12-02,208.52900000000002
1490,1490,2049.62,2015-12-03,205.61
1491,1491,2091.69,2015-12-04,209.62
1492,1492,2077.07,2015-12-07,208.35
1493,1493,2063.59,2015-12-08,206.949
1494,1494,2047.62,2015-12-09,205.34
1495,1495,2052.23,2015-12-10,205.87
1496,1496,2012.37,2015-12-11,201.88
1497,1497,2021.94,2015-12-14,202.9008
1498,1498,2043.41,2015-12-15,205.0308
1499,1499,2073.07,2015-12-16,208.03
1500,1500,2041.89,2015-12-17,204.86
1501,1501,2005.55,2015-12-18,200.0208
1502,1502,2021.15,2015-12-21,201.67
1503,1503,2038.97,2015-12-22,203.5
1504,1504,2064.29,2015-12-23,206.02
1505,1505,2060.99,2015-12-24,205.68
1506,1506,2056.5,2015-12-28,205.21
1507,1507,2078.36,2015-12-29,207.4
1508,1508,2063.36,2015-12-30,205.93
1509,1509,2043.94,2015-12-31,203.87
1510,1510,2012.66,2016-01-04,201.0192
1511,1511,2016.71,2016-01-05,201.36
1512,1512,1990.26,2016-01-06,198.82
1513,1513,1943.09,2016-01-07,194.05
1514,1514,1922.03,2016-01-08,191.923
1515,1515,1923.67,2016-01-11,192.11
1516,1516,1938.68,2016-01-12,193.6608
1517,1517,1890.28,2016-01-13,188.83
1518,1518,1921.84,2016-01-14,191.93
1519,1519,1880.33,2016-01-15,187.81
1520,1520,1881.33,2016-01-19,188.06
1521,1521,1859.33,2016-01-20,185.65
1522,1522,1868.99,2016-01-21,186.69
1523,1523,1906.9,2016-01-22,190.52
1524,1524,1877.08,2016-01-25,187.64
1525,1525,1903.63,2016-01-26,190.2
1526,1526,1882.95,2016-01-27,188.13
1527,1527,1893.36,2016-01-28,189.11
1528,1528,1940.24,2016-01-29,193.7208
1529,1529,1939.38,2016-02-01,193.65
1530,1530,1903.03,2016-02-02,190.16
1531,1531,1912.53,2016-02-03,191.3
1532,1532,1915.45,2016-02-04,191.6
1533,1533,1880.05,2016-02-05,187.95
1534,1534,1853.44,2016-02-08,185.42
1535,1535,1852.21,2016-02-09,185.43
1536,1536,1851.86,2016-02-10,185.27
1537,1537,1829.08,2016-02-11,182.86
1538,1538,1864.78,2016-02-12,186.63
1539,1539,1895.58,2016-02-16,189.78
1540,1540,1926.82,2016-02-17,192.88
1541,1541,1917.83,2016-02-18,192.09
1542,1542,1917.78,2016-02-19,192.0
1543,1543,1945.5,2016-02-22,194.78
1544,1544,1921.27,2016-02-23,192.32
1545,1545,1929.8,2016-02-24,193.2
1546,1546,1951.7,2016-02-25,195.54
1547,1547,1948.05,2016-02-26,195.0892
1548,1548,1932.23,2016-02-29,193.56
1549,1549,1978.35,2016-03-01,198.11
1550,1550,1986.45,2016-03-02,199.0
1551,1551,1993.4,2016-03-03,199.775
1552,1552,1999.99,2016-03-04,200.43
1553,1553,2001.76,2016-03-07,200.59
1554,1554,1979.26,2016-03-08,198.4
1555,1555,1989.26,2016-03-09,199.38
1556,1556,1989.57,2016-03-10,199.54
1557,1557,2022.19,2016-03-11,202.76
1558,1558,2019.64,2016-03-14,202.5
1559,1559,2015.93,2016-03-15,202.17
1560,1560,2027.22,2016-03-16,203.34
1561,1561,2040.59,2016-03-17,204.63
1562,1562,2049.58,2016-03-18,204.38
1563,1563,2051.6,2016-03-21,204.67
1564,1564,2049.8,2016-03-22,204.56
1565,1565,2036.71,2016-03-23,203.2092
1566,1566,2035.94,2016-03-24,203.12
1567,1567,2037.05,2016-03-28,203.24
1568,1568,2055.01,2016-03-29,205.1208
1569,1569,2063.95,2016-03-30,206.02
1570,1570,2059.74,2016-03-31,205.52
1571,1571,2072.78,2016-04-01,206.92
1572,1572,2066.13,2016-04-04,206.25
1573,1573,2045.17,2016-04-05,204.1892
1574,1574,2066.66,2016-04-06,206.42
1575,1575,2041.91,2016-04-07,203.95
1576,1576,2047.6,2016-04-08,204.4992
1577,1577,2041.99,2016-04-11,204.0201
1578,1578,2061.72,2016-04-12,205.92
1579,1579,2082.42,2016-04-13,208.0008
1580,1580,2082.78,2016-04-14,208.01
1581,1581,2080.73,2016-04-15,207.78
1582,1582,2094.34,2016-04-18,209.2392
1583,1583,2100.8,2016-04-19,209.9
1584,1584,2102.4,2016-04-20,210.1
1585,1585,2091.48,2016-04-21,208.97
1586,1586,2091.58,2016-04-22,208.97
1587,1587,2087.79,2016-04-25,208.61
1588,1588,2091.7,2016-04-26,208.9192
1589,1589,2095.15,2016-04-27,209.35
1590,1590,2075.81,2016-04-28,207.4475
1591,1591,2065.3,2016-04-29,206.3308
1592,1592,2081.43,2016-05-02,207.97
1593,1593,2063.37,2016-05-03,206.1592
1594,1594,2051.12,2016-05-04,205.01
1595,1595,2050.63,2016-05-05,204.97
1596,1596,2057.14,2016-05-06,205.72
1597,1597,2058.69,2016-05-09,205.8892
1598,1598,2084.39,2016-05-10,208.45
1599,1599,2064.46,2016-05-11,206.5
1600,1600,2064.11,2016-05-12,206.56
1601,1601,2046.61,2016-05-13,204.76
1602,1602,2066.66,2016-05-16,206.78
1603,1603,2047.21,2016-05-17,204.8508
1604,1604,2047.63,2016-05-18,204.91
1605,1605,2040.04,2016-05-19,204.2
1606,1606,2052.32,2016-05-20,205.49
1607,1607,2048.04,2016-05-23,205.21
1608,1608,2076.06,2016-05-24,207.87
1609,1609,2090.54,2016-05-25,209.28
1610,1610,2090.1,2016-05-26,209.34
1611,1611,2099.06,2016-05-27,210.24
1612,1612,2096.96,2016-05-31,209.84
1613,1613,2099.33,2016-06-01,210.27
1614,1614,2105.26,2016-06-02,210.91
1615,1615,2099.13,2016-06-03,210.28
1616,1616,2109.41,2016-06-06,211.35
1617,1617,2112.13,2016-06-07,211.68
1618,1618,2119.12,2016-06-08,212.37
1619,1619,2115.48,2016-06-09,212.08
1620,1620,2096.07,2016-06-10,210.07
1621,1621,2079.06,2016-06-13,208.4492
1622,1622,2075.32,2016-06-14,208.04
1623,1623,2071.5,2016-06-15,207.75
1624,1624,2077.99,2016-06-16,208.37
1625,1625,2071.22,2016-06-17,206.52
1626,1626,2083.25,2016-06-20,207.85
1627,1627,2088.9,2016-06-21,208.44
1628,1628,2085.45,2016-06-22,208.1
1629,1629,2113.32,2016-06-23,210.81
1630,1630,2037.41,2016-06-24,203.13
1631,1631,2000.54,2016-06-27,199.6
1632,1632,2036.09,2016-06-28,203.1997
1633,1633,2070.77,2016-06-29,206.66
1634,1634,2098.86,2016-06-30,209.475
1635,1635,2102.95,2016-07-01,209.9208
1636,1636,2088.55,2016-07-05,208.41
1637,1637,2099.73,2016-07-06,209.66
1638,1638,2097.9,2016-07-07,209.52599999999998
1639,1639,2129.9,2016-07-08,212.65
1640,1640,2137.16,2016-07-11,213.4
1641,1641,2152.14,2016-07-12,214.95
1642,1642,2152.43,2016-07-13,214.92
1643,1643,2163.75,2016-07-14,216.12
1644,1644,2161.74,2016-07-15,215.83
1645,1645,2166.89,2016-07-18,216.4092
1646,1646,2163.78,2016-07-19,216.19
1647,1647,2173.02,2016-07-20,217.085
1648,1648,2165.17,2016-07-21,216.265
1649,1649,2175.03,2016-07-22,217.24
1650,1650,2168.48,2016-07-25,216.65
1651,1651,2169.18,2016-07-26,216.75
1652,1652,2166.58,2016-07-27,216.52
1653,1653,2170.06,2016-07-28,216.77
1654,1654,2173.6,2016-07-29,217.12
1655,1655,2170.84,2016-08-01,216.94
1656,1656,2157.03,2016-08-02,215.5492
1657,1657,2163.79,2016-08-03,216.18
1658,1658,2164.25,2016-08-04,216.4097
1659,1659,2182.87,2016-08-05,218.18
1660,1660,2180.89,2016-08-08,218.05
1661,1661,2181.74,2016-08-09,218.18
1662,1662,2175.49,2016-08-10,217.64
1663,1663,2185.79,2016-08-11,218.65
1664,1664,2184.05,2016-08-12,218.46
1665,1665,2190.15,2016-08-15,219.09
1666,1666,2178.15,2016-08-16,217.96
1667,1667,2182.22,2016-08-17,218.37
1668,1668,2187.02,2016-08-18,218.86
1669,1669,2183.87,2016-08-19,218.54
1670,1670,2182.64,2016-08-22,218.53
1671,1671,2186.9,2016-08-23,218.97
1672,1672,2175.44,2016-08-24,217.85
1673,1673,2172.47,2016-08-25,217.7
1674,1674,2169.04,2016-08-26,217.29
1675,1675,2180.38,2016-08-29,218.3608
1676,1676,2176.12,2016-08-30,218.0
1677,1677,2170.95,2016-08-31,217.38
1678,1678,2170.86,2016-09-01,217.39
1679,1679,2179.98,2016-09-02,218.37
1680,1680,2186.48,2016-09-06,219.0308
1681,1681,2186.16,2016-09-07,219.01
1682,1682,2181.3,2016-09-08,218.51
1683,1683,2127.81,2016-09-09,213.28
1684,1684,2159.04,2016-09-12,216.34
1685,1685,2127.02,2016-09-13,213.23
1686,1686,2125.77,2016-09-14,213.15
1687,1687,2147.26,2016-09-15,215.28
1688,1688,2139.16,2016-09-16,213.37
1689,1689,2139.12,2016-09-19,213.41
1690,1690,2139.76,2016-09-20,213.42
1691,1691,2163.12,2016-09-21,215.82
1692,1692,2177.18,2016-09-22,217.18
1693,1693,2164.69,2016-09-23,215.99
1694,1694,2146.1,2016-09-26,214.24
1695,1695,2159.93,2016-09-27,215.57
1696,1696,2171.37,2016-09-28,216.64
1697,1697,2151.13,2016-09-29,214.68
1698,1698,2168.27,2016-09-30,216.3
1699,1699,2161.2,2016-10-03,215.78
1700,1700,2150.49,2016-10-04,214.68
1701,1701,2159.73,2016-10-05,215.63
1702,1702,2160.77,2016-10-06,215.78
1703,1703,2153.74,2016-10-07,215.04
1704,1704,2163.66,2016-10-10,216.16
1705,1705,2136.73,2016-10-11,213.43
1706,1706,2139.18,2016-10-12,213.71
1707,1707,2132.55,2016-10-13,213.01
1708,1708,2132.98,2016-10-14,213.12
1709,1709,2126.5,2016-10-17,212.38
1710,1710,2139.6,2016-10-18,213.71
1711,1711,2144.29,2016-10-19,214.28
1712,1712,2141.34,2016-10-20,213.88
1713,1713,2141.16,2016-10-21,213.98
1714,1714,2151.33,2016-10-24,214.89
1715,1715,2143.16,2016-10-25,214.17
1716,1716,2139.43,2016-10-26,213.74
1717,1717,2133.04,2016-10-27,213.17
1718,1718,2126.41,2016-10-28,212.54
1719,1719,2126.15,2016-10-31,212.55
1720,1720,2111.72,2016-11-01,211.01
1721,1721,2097.94,2016-11-02,209.74
1722,1722,2088.66,2016-11-03,208.78
1723,1723,2085.18,2016-11-04,208.55
1724,1724,2131.52,2016-11-07,213.15
1725,1725,2139.56,2016-11-08,214.11
1726,1726,2163.26,2016-11-09,216.3792
1727,1727,2167.48,2016-11-10,216.92
1728,1728,2164.45,2016-11-11,216.42
1729,1729,2164.2,2016-11-14,216.59
1730,1730,2180.39,2016-11-15,218.28
1731,1731,2176.94,2016-11-16,217.87
1732,1732,2187.12,2016-11-17,218.99
1733,1733,2181.9,2016-11-18,218.5
1734,1734,2198.18,2016-11-21,220.15
1735,1735,2202.94,2016-11-22,220.58
1736,1736,2204.72,2016-11-23,220.7
1737,1737,2213.35,2016-11-25,221.52
1738,1738,2201.72,2016-11-28,220.48
1739,1739,2204.66,2016-11-29,220.91
1740,1740,2198.81,2016-11-30,220.38
1741,1741,2191.08,2016-12-01,219.57
1742,1742,2191.95,2016-12-02,219.68
1743,1743,2204.71,2016-12-05,221.0
1744,1744,2212.23,2016-12-06,221.7
1745,1745,2241.35,2016-12-07,224.6
1746,1746,2246.19,2016-12-08,225.15
1747,1747,2259.53,2016-12-09,226.51
1748,1748,2256.96,2016-12-12,226.25
1749,1749,2271.72,2016-12-13,227.76
1750,1750,2253.28,2016-12-14,225.88
1751,1751,2262.03,2016-12-15,226.81
1752,1752,2258.07,2016-12-16,225.04
1753,1753,2262.53,2016-12-19,225.53
1754,1754,2270.76,2016-12-20,226.4
1755,1755,2265.18,2016-12-21,225.77
1756,1756,2260.96,2016-12-22,225.38
1757,1757,2263.79,2016-12-23,225.71
1758,1758,2268.88,2016-12-27,226.27
1759,1759,2249.92,2016-12-28,224.4
1760,1760,2249.26,2016-12-29,224.35
1761,1761,2238.83,2016-12-30,223.53
1762,1762,2257.83,2017-01-03,225.24
1763,1763,2270.75,2017-01-04,226.58
1764,1764,2269.0,2017-01-05,226.4
1765,1765,2276.98,2017-01-06,227.21
1766,1766,2268.9,2017-01-09,226.46
1767,1767,2268.9,2017-01-10,226.46
1768,1768,2275.32,2017-01-11,227.1
1769,1769,2270.44,2017-01-12,226.53
1770,1770,2274.64,2017-01-13,227.05
1771,1771,2267.89,2017-01-17,226.25
1772,1772,2271.89,2017-01-18,226.75
1773,1773,2263.69,2017-01-19,225.91
1774,1774,2271.31,2017-01-20,226.74
1775,1775,2265.2,2017-01-23,226.15
1776,1776,2280.07,2017-01-24,227.6
1777,1777,2298.37,2017-01-25,229.57
1778,1778,2296.68,2017-01-26,229.33
1779,1779,2294.69,2017-01-27,228.97
1780,1780,2280.9,2017-01-30,227.55
1781,1781,2278.87,2017-01-31,227.53
1782,1782,2279.55,2017-02-01,227.62
1783,1783,2280.85,2017-02-02,227.77
1784,1784,2297.42,2017-02-03,229.34
1785,1785,2292.56,2017-02-06,228.93
1786,1786,2293.08,2017-02-07,228.94
1787,1787,2294.67,2017-02-08,229.24
1788,1788,2307.87,2017-02-09,230.6
1789,1789,2316.1,2017-02-10,231.51
1790,1790,2328.25,2017-02-13,232.77
1791,1791,2337.58,2017-02-14,233.7
1792,1792,2349.25,2017-02-15,234.92
1793,1793,2347.22,2017-02-16,234.72
1794,1794,2351.16,2017-02-17,235.09
1795,1795,2365.38,2017-02-21,236.49
1796,1796,2362.82,2017-02-22,236.28
1797,1797,2363.81,2017-02-23,236.44
1798,1798,2367.34,2017-02-24,236.74
1799,1799,2369.75,2017-02-27,237.11
1800,1800,2363.64,2017-02-28,236.47
1801,1801,2395.96,2017-03-01,239.78
1802,1802,2381.92,2017-03-02,238.27
1803,1803,2383.12,2017-03-03,238.42
1804,1804,2375.31,2017-03-06,237.71
1805,1805,2368.39,2017-03-07,237.0
1806,1806,2362.98,2017-03-08,236.56
1807,1807,2364.87,2017-03-09,236.86
1808,1808,2372.6,2017-03-10,237.69
1809,1809,2373.47,2017-03-13,237.81
1810,1810,2365.45,2017-03-14,236.9
1811,1811,2385.26,2017-03-15,238.95
1812,1812,2381.38,2017-03-16,238.48
1813,1813,2378.25,2017-03-17,237.03
1814,1814,2373.47,2017-03-20,236.77
1815,1815,2344.02,2017-03-21,233.73
1816,1816,2348.45,2017-03-22,234.28
1817,1817,2345.96,2017-03-23,234.03
1818,1818,2343.98,2017-03-24,233.86
1819,1819,2341.59,2017-03-27,233.62
1820,1820,2358.57,2017-03-28,235.32
1821,1821,2361.13,2017-03-29,235.54
1822,1822,2368.06,2017-03-30,236.29
1823,1823,2362.72,2017-03-31,235.74
1824,1824,2358.84,2017-04-03,235.33
1825,1825,2360.16,2017-04-04,235.48
1826,1826,2352.95,2017-04-05,234.78
1827,1827,2357.49,2017-04-06,235.44
1828,1828,2355.54,2017-04-07,235.2
1829,1829,2357.16,2017-04-10,235.34
1830,1830,2353.78,2017-04-11,235.06
1831,1831,2344.93,2017-04-12,234.03
1832,1832,2328.95,2017-04-13,232.51
1833,1833,2349.01,2017-04-17,234.57
1834,1834,2342.19,2017-04-18,233.87
1835,1835,2338.17,2017-04-19,233.44
1836,1836,2355.84,2017-04-20,235.34
1837,1837,2348.69,2017-04-21,234.59
1838,1838,2374.15,2017-04-24,237.17
1839,1839,2388.61,2017-04-25,238.55
1840,1840,2387.45,2017-04-26,238.4
1841,1841,2388.77,2017-04-27,238.6
1842,1842,2384.2,2017-04-28,238.08
1843,1843,2388.33,2017-05-01,238.68
1844,1844,2391.17,2017-05-02,238.77
1845,1845,2388.13,2017-05-03,238.48
1846,1846,2389.52,2017-05-04,238.76
1847,1847,2399.29,2017-05-05,239.7
1848,1848,2399.38,2017-05-08,239.66
1849,1849,2396.92,2017-05-09,239.44
1850,1850,2399.63,2017-05-10,239.87
1851,1851,2394.44,2017-05-11,239.38
1852,1852,2390.9,2017-05-12,238.98
1853,1853,2402.32,2017-05-15,240.3
1854,1854,2400.67,2017-05-16,240.08
1855,1855,2357.03,2017-05-17,235.82
1856,1856,2365.72,2017-05-18,236.77
1857,1857,2381.73,2017-05-19,238.31
1858,1858,2394.02,2017-05-22,239.52
1859,1859,2398.42,2017-05-23,240.05
1860,1860,2404.39,2017-05-24,240.61
1861,1861,2415.07,2017-05-25,241.76
1862,1862,2415.82,2017-05-26,241.71
1863,1863,2412.91,2017-05-30,241.5
1864,1864,2411.8,2017-05-31,241.44
1865,1865,2430.06,2017-06-01,243.36
1866,1866,2439.07,2017-06-02,244.17
1867,1867,2436.1,2017-06-05,243.99
1868,1868,2429.33,2017-06-06,243.21
1869,1869,2433.14,2017-06-07,243.66
1870,1870,2433.79,2017-06-08,243.78
1871,1871,2431.77,2017-06-09,243.41
1872,1872,2429.39,2017-06-12,243.36
1873,1873,2440.35,2017-06-13,244.55
1874,1874,2437.92,2017-06-14,244.24
1875,1875,2432.46,2017-06-15,243.77
1876,1876,2433.15,2017-06-16,242.64
1877,1877,2453.46,2017-06-19,244.66
1878,1878,2437.03,2017-06-20,243.01
1879,1879,2435.61,2017-06-21,242.95
1880,1880,2434.5,2017-06-22,242.84
1881,1881,2438.3,2017-06-23,243.13
1882,1882,2439.07,2017-06-26,243.29
1883,1883,2419.38,2017-06-27,241.33
1884,1884,2440.69,2017-06-28,243.49
1885,1885,2419.7,2017-06-29,241.35
1886,1886,2423.41,2017-06-30,241.8
1887,1887,2429.01,2017-07-03,242.21
1888,1888,2432.54,2017-07-05,242.77
1889,1889,2409.75,2017-07-06,240.55
1890,1890,2425.18,2017-07-07,242.11
1891,1891,2427.43,2017-07-10,242.37
1892,1892,2425.53,2017-07-11,242.19
1893,1893,2443.25,2017-07-12,244.01
1894,1894,2447.83,2017-07-13,244.42
1895,1895,2459.27,2017-07-14,245.56
1896,1896,2459.14,2017-07-17,245.53
1897,1897,2460.61,2017-07-18,245.66
1898,1898,2473.83,2017-07-19,246.99
1899,1899,2473.45,2017-07-20,247.1
1900,1900,2472.54,2017-07-21,246.88
1901,1901,2469.91,2017-07-24,246.82
1902,1902,2477.13,2017-07-25,247.42
1903,1903,2477.83,2017-07-26,247.43
1904,1904,2475.42,2017-07-27,247.2
1905,1905,2472.1,2017-07-28,246.91
1906,1906,2470.3,2017-07-31,246.77
1907,1907,2476.35,2017-08-01,247.32
1908,1908,2477.57,2017-08-02,247.44
1909,1909,2472.16,2017-08-03,246.96
1910,1910,2476.83,2017-08-04,247.41
1911,1911,2480.91,2017-08-07,247.87
1912,1912,2474.92,2017-08-08,247.26
1913,1913,2474.02,2017-08-09,247.25
1914,1914,2438.21,2017-08-10,243.76
1915,1915,2441.32,2017-08-11,244.12
1916,1916,2465.84,2017-08-14,246.54
1917,1917,2464.61,2017-08-15,246.51
1918,1918,2468.11,2017-08-16,246.94
1919,1919,2430.01,2017-08-17,243.09
1920,1920,2425.55,2017-08-18,242.71
1921,1921,2428.37,2017-08-21,242.9
1922,1922,2452.51,2017-08-22,245.44
1923,1923,2444.04,2017-08-23,244.56
1924,1924,2438.97,2017-08-24,243.99
1925,1925,2443.05,2017-08-25,244.56
1926,1926,2444.24,2017-08-28,244.57
1927,1927,2446.3,2017-08-29,244.85
1928,1928,2457.59,2017-08-30,246.01
1929,1929,2471.65,2017-08-31,247.49
1930,1930,2476.55,2017-09-01,247.84
1931,1931,2457.85,2017-09-05,246.06
1932,1932,2465.54,2017-09-06,246.9
1933,1933,2465.1,2017-09-07,246.87
1934,1934,2461.43,2017-09-08,246.58
1935,1935,2488.11,2017-09-11,249.21
1936,1936,2496.48,2017-09-12,250.05
1937,1937,2498.37,2017-09-13,250.17
1938,1938,2495.62,2017-09-14,250.09
1939,1939,2500.23,2017-09-15,249.19
1940,1940,2503.87,2017-09-18,249.72
1941,1941,2506.65,2017-09-19,249.97
1942,1942,2508.24,2017-09-20,250.06
1943,1943,2500.6,2017-09-21,249.39
1944,1944,2502.22,2017-09-22,249.44
1945,1945,2496.66,2017-09-25,248.93
1946,1946,2496.84,2017-09-26,249.08
1947,1947,2507.04,2017-09-27,250.05
1948,1948,2510.06,2017-09-28,250.35
1949,1949,2519.36,2017-09-29,251.23
1950,1950,2529.12,2017-10-02,252.32
1951,1951,2534.58,2017-10-03,252.86
1952,1952,2537.74,2017-10-04,253.16
1953,1953,2552.07,2017-10-05,254.66
1954,1954,2549.33,2017-10-06,254.37
1955,1955,2544.73,2017-10-09,253.95
1956,1956,2550.64,2017-10-10,254.62
1957,1957,2555.24,2017-10-11,255.02
1958,1958,2550.93,2017-10-12,254.64
1959,1959,2553.17,2017-10-13,254.95
1960,1960,2557.64,2017-10-16,255.29
1961,1961,2559.36,2017-10-17,255.47
1962,1962,2561.26,2017-10-18,255.72
1963,1963,2562.1,2017-10-19,255.79
1964,1964,2575.21,2017-10-20,257.11
1965,1965,2564.98,2017-10-23,256.11
1966,1966,2569.13,2017-10-24,256.56
1967,1967,2557.15,2017-10-25,255.29
1968,1968,2560.4,2017-10-26,255.62
1969,1969,2581.07,2017-10-27,257.71
1970,1970,2572.83,2017-10-30,256.75
1971,1971,2575.26,2017-10-31,257.15
1972,1972,2579.36,2017-11-01,257.49
1973,1973,2579.85,2017-11-02,257.59
1974,1974,2587.84,2017-11-03,258.45
1975,1975,2591.13,2017-11-06,258.85
1976,1976,2590.64,2017-11-07,258.67
1977,1977,2594.38,2017-11-08,259.11
1978,1978,2584.62,2017-11-09,258.17
1979,1979,2582.3,2017-11-10,258.09
1980,1980,2584.84,2017-11-13,258.33
1981,1981,2578.87,2017-11-14,257.73
1982,1982,2564.62,2017-11-15,256.44
1983,1983,2585.64,2017-11-16,258.62
1984,1984,2578.85,2017-11-17,257.86
1985,1985,2582.14,2017-11-20,258.3
1986,1986,2599.03,2017-11-21,259.99
1987,1987,2597.08,2017-11-22,259.76
1988,1988,2602.42,2017-11-24,260.36
1989,1989,2601.42,2017-11-27,260.23
1990,1990,2627.04,2017-11-28,262.87
1991,1991,2626.07,2017-11-29,262.71
1992,1992,2647.58,2017-11-30,265.01
1993,1993,2642.22,2017-12-01,264.46
1994,1994,2639.44,2017-12-04,264.14
1995,1995,2629.57,2017-12-05,263.19
1996,1996,2629.27,2017-12-06,263.24
1997,1997,2636.98,2017-12-07,264.07
1998,1998,2651.5,2017-12-08,265.51
1999,1999,2659.99,2017-12-11,266.31
2000,2000,2664.11,2017-12-12,266.78
2001,2001,2662.85,2017-12-13,266.75
2002,2002,2652.01,2017-12-14,265.66
2003,2003,2675.81,2017-12-15,266.51
2004,2004,2690.16,2017-12-18,268.2
2005,2005,2681.47,2017-12-19,267.17
2006,2006,2679.25,2017-12-20,267.03
2007,2007,2684.57,2017-12-21,267.58
2008,2008,2683.34,2017-12-22,267.51
2009,2009,2680.5,2017-12-26,267.19
2010,2010,2682.62,2017-12-27,267.32
2011,2011,2687.54,2017-12-28,267.87
2012,2012,2673.61,2017-12-29,266.86
2013,2013,2695.81,2018-01-02,268.77
2014,2014,2713.06,2018-01-03,270.47
2015,2015,2723.99,2018-01-04,271.61
2016,2016,2743.15,2018-01-05,273.42
2017,2017,2747.71,2018-01-08,273.92
2018,2018,2751.29,2018-01-09,274.54
2019,2019,2748.23,2018-01-10,274.12
2020,2020,2767.56,2018-01-11,276.12
2021,2021,2786.24,2018-01-12,277.92
2022,2022,2776.42,2018-01-16,276.97
2023,2023,2802.56,2018-01-17,279.61
2024,2024,2798.03,2018-01-18,279.14
2025,2025,2810.3,2018-01-19,280.41
2026,2026,2832.97,2018-01-22,282.69
2027,2027,2839.13,2018-01-23,283.29
2028,2028,2837.54,2018-01-24,283.18
2029,2029,2839.25,2018-01-25,283.3
2030,2030,2872.87,2018-01-26,286.58
2031,2031,2853.53,2018-01-29,284.68
2032,2032,2822.43,2018-01-30,281.76
2033,2033,2823.81,2018-01-31,281.9
2034,2034,2821.98,2018-02-01,281.58
2035,2035,2762.13,2018-02-02,275.45
2036,2036,2648.94,2018-02-05,263.93
2037,2037,2695.14,2018-02-06,269.13
2038,2038,2681.66,2018-02-07,267.67
2039,2039,2581.0,2018-02-08,257.63
2040,2040,2619.55,2018-02-09,261.5
2041,2041,2656.0,2018-02-12,265.34
2042,2042,2662.94,2018-02-13,266.0
2043,2043,2698.63,2018-02-14,269.59
2044,2044,2731.2,2018-02-15,273.03
2045,2045,2732.22,2018-02-16,273.11
2046,2046,2716.26,2018-02-20,271.4
2047,2047,2701.33,2018-02-21,270.05
2048,2048,2703.96,2018-02-22,270.4
2049,2049,2747.3,2018-02-23,274.71
2050,2050,2779.6,2018-02-26,277.9
2051,2051,2744.28,2018-02-27,274.43
2052,2052,2713.83,2018-02-28,271.65
2053,2053,2677.67,2018-03-01,267.7
2054,2054,2691.25,2018-03-02,269.08
2055,2055,2720.94,2018-03-05,272.19
2056,2056,2728.12,2018-03-06,272.88
2057,2057,2726.8,2018-03-07,272.78
2058,2058,2738.97,2018-03-08,274.1
2059,2059,2786.57,2018-03-09,278.87
2060,2060,2783.02,2018-03-12,278.52
2061,2061,2765.31,2018-03-13,276.72
2062,2062,2749.48,2018-03-14,275.3
2063,2063,2747.33,2018-03-15,275.0
2064,2064,2752.01,2018-03-16,274.2
2065,2065,2712.92,2018-03-19,270.49
2066,2066,2716.94,2018-03-20,270.95
2067,2067,2711.93,2018-03-21,270.43
2068,2068,2643.69,2018-03-22,263.67
2069,2069,2588.26,2018-03-23,258.05
2070,2070,2658.55,2018-03-26,265.11
2071,2071,2612.62,2018-03-27,260.6
2072,2072,2605.0,2018-03-28,259.83
2073,2073,2640.87,2018-03-29,263.15
2074,2074,2581.88,2018-04-02,257.47
2075,2075,2614.45,2018-04-03,260.77
2076,2076,2644.69,2018-04-04,263.56
2077,2077,2662.84,2018-04-05,265.64
2078,2078,2604.47,2018-04-06,259.72
2079,2079,2613.16,2018-04-09,261.0
2080,2080,2656.87,2018-04-10,265.15
2081,2081,2642.19,2018-04-11,263.76
2082,2082,2663.99,2018-04-12,265.93
2083,2083,2656.3,2018-04-13,265.15
2084,2084,2677.84,2018-04-16,267.33
2085,2085,2706.39,2018-04-17,270.19
2086,2086,2708.64,2018-04-18,270.39
2087,2087,2693.13,2018-04-19,268.89
2088,2088,2670.14,2018-04-20,266.61
2089,2089,2670.29,2018-04-23,266.57
2090,2090,2634.56,2018-04-24,262.98
2091,2091,2639.4,2018-04-25,263.63
2092,2092,2666.94,2018-04-26,266.31
2093,2093,2669.91,2018-04-27,266.56
2094,2094,2648.05,2018-04-30,264.51
2095,2095,2654.8,2018-05-01,264.98
2096,2096,2635.67,2018-05-02,263.2
2097,2097,2629.73,2018-05-03,262.62
2098,2098,2663.42,2018-05-04,266.02
2099,2099,2672.63,2018-05-07,266.92
2100,2100,2671.92,2018-05-08,266.92
2101,2101,2697.79,2018-05-09,269.5
2102,2102,2723.07,2018-05-10,272.02
2103,2103,2727.72,2018-05-11,272.85
2104,2104,2730.13,2018-05-14,272.98
2105,2105,2711.45,2018-05-15,271.1
2106,2106,2722.46,2018-05-16,272.24
2107,2107,2720.13,2018-05-17,272.01
2108,2108,2712.97,2018-05-18,271.33
2109,2109,2733.01,2018-05-21,273.37
2110,2110,2724.44,2018-05-22,272.61
2111,2111,2733.29,2018-05-23,273.36
2112,2112,2727.76,2018-05-24,272.8
2113,2113,2721.33,2018-05-25,272.15
2114,2114,2689.86,2018-05-29,269.02
2115,2115,2724.01,2018-05-30,272.61
2116,2116,2705.27,2018-05-31,270.94
2117,2117,2734.62,2018-06-01,273.6
2118,2118,2746.87,2018-06-04,274.9
2119,2119,2748.8,2018-06-05,275.1
2120,2120,2772.35,2018-06-06,277.4
2121,2121,2770.37,2018-06-07,277.37
2122,2122,2779.03,2018-06-08,278.19
2123,2123,2782.0,2018-06-11,278.56
2124,2124,2786.85,2018-06-12,278.92
2125,2125,2775.63,2018-06-13,278.03
2126,2126,2782.49,2018-06-14,278.73
2127,2127,2779.66,2018-06-15,277.13
2128,2128,2773.75,2018-06-18,276.56
2129,2129,2762.59,2018-06-19,275.5
2130,2130,2767.32,2018-06-20,275.97
2131,2131,2749.76,2018-06-21,274.24
2132,2132,2754.88,2018-06-22,274.74
2133,2133,2717.07,2018-06-25,271.0
2134,2134,2723.06,2018-06-26,271.6
2135,2135,2699.63,2018-06-27,269.35
2136,2136,2716.31,2018-06-28,270.89
2137,2137,2718.37,2018-06-29,271.28
2138,2138,2726.71,2018-07-02,271.86
2139,2139,2713.22,2018-07-03,270.9
2140,2140,2736.61,2018-07-05,273.11
2141,2141,2759.82,2018-07-06,275.42
2142,2142,2784.17,2018-07-09,277.9
2143,2143,2793.84,2018-07-10,278.9
2144,2144,2774.02,2018-07-11,276.86
2145,2145,2798.29,2018-07-12,279.37
2146,2146,2801.31,2018-07-13,279.59
2147,2147,2798.43,2018-07-16,279.34
2148,2148,2809.55,2018-07-17,280.47
2149,2149,2815.62,2018-07-18,281.06
2150,2150,2804.49,2018-07-19,280.0
2151,2151,2801.83,2018-07-20,279.68
2152,2152,2806.98,2018-07-23,280.2
2153,2153,2820.4,2018-07-24,281.61
2154,2154,2846.07,2018-07-25,284.01
2155,2155,2837.44,2018-07-26,283.34
2156,2156,2818.82,2018-07-27,281.42
2157,2157,2802.6,2018-07-30,279.95
2158,2158,2816.29,2018-07-31,281.33
2159,2159,2813.36,2018-08-01,280.86
2160,2160,2827.22,2018-08-02,282.39
2161,2161,2840.35,2018-08-03,283.6
2162,2162,2850.4,2018-08-06,284.64
2163,2163,2858.45,2018-08-07,285.58
2164,2164,2857.7,2018-08-08,285.46
2165,2165,2853.58,2018-08-09,285.07
2166,2166,2833.28,2018-08-10,283.16
2167,2167,2821.93,2018-08-13,282.1
2168,2168,2839.96,2018-08-14,283.9
2169,2169,2818.37,2018-08-15,281.78
2170,2170,2840.69,2018-08-16,284.06
2171,2171,2850.13,2018-08-17,285.06
2172,2172,2857.05,2018-08-20,285.67
2173,2173,2862.96,2018-08-21,286.34
2174,2174,2861.82,2018-08-22,286.17
2175,2175,2856.98,2018-08-23,285.79
2176,2176,2874.69,2018-08-24,287.51
2177,2177,2896.74,2018-08-27,289.78
2178,2178,2897.52,2018-08-28,289.92
2179,2179,2914.04,2018-08-29,291.48
2180,2180,2901.13,2018-08-30,290.3
2181,2181,2901.52,2018-08-31,290.31
2182,2182,2896.72,2018-09-04,289.81
2183,2183,2888.6,2018-09-05,289.03
2184,2184,2878.05,2018-09-06,288.16
2185,2185,2871.68,2018-09-07,287.6
2186,2186,2877.13,2018-09-10,288.1
2187,2187,2887.89,2018-09-11,289.05
2188,2188,2888.92,2018-09-12,289.12
2189,2189,2904.18,2018-09-13,290.83
2190,2190,2904.98,2018-09-14,290.88
2191,2191,2888.8,2018-09-17,289.34
2192,2192,2904.31,2018-09-18,290.91
2193,2193,2907.95,2018-09-19,291.22
2194,2194,2930.75,2018-09-20,293.58
2195,2195,2929.67,2018-09-21,291.99
2196,2196,2919.37,2018-09-24,291.02
2197,2197,2915.56,2018-09-25,290.75
2198,2198,2905.97,2018-09-26,289.88
2199,2199,2914.0,2018-09-27,290.69
2200,2200,2913.98,2018-09-28,290.72
2201,2201,2924.59,2018-10-01,291.73
2202,2202,2923.43,2018-10-02,291.56
2203,2203,2925.51,2018-10-03,291.72
2204,2204,2901.61,2018-10-04,289.44
2205,2205,2885.57,2018-10-05,287.82
2206,2206,2884.43,2018-10-08,287.82
2207,2207,2880.34,2018-10-09,287.4
2208,2208,2785.68,2018-10-10,278.3
2209,2209,2728.37,2018-10-11,272.17
2210,2210,2767.13,2018-10-12,275.95
2211,2211,2750.79,2018-10-15,274.4
2212,2212,2809.92,2018-10-16,280.4
2213,2213,2809.21,2018-10-17,280.45
2214,2214,2768.78,2018-10-18,276.4
2215,2215,2767.78,2018-10-19,276.25
2216,2216,2755.88,2018-10-22,275.01
2217,2217,2740.69,2018-10-23,273.61
2218,2218,2656.1,2018-10-24,265.32
2219,2219,2705.57,2018-10-25,270.08
2220,2220,2658.69,2018-10-26,265.33
2221,2221,2641.25,2018-10-29,263.86
2222,2222,2682.63,2018-10-30,267.77
2223,2223,2711.74,2018-10-31,270.63
2224,2224,2740.37,2018-11-01,273.51
2225,2225,2723.06,2018-11-02,271.89
2226,2226,2738.31,2018-11-05,273.39
2227,2227,2755.45,2018-11-06,275.12
2228,2228,2813.89,2018-11-07,281.01
2229,2229,2806.83,2018-11-08,280.5
2230,2230,2781.01,2018-11-09,277.76
2231,2231,2726.22,2018-11-12,272.57
2232,2232,2722.18,2018-11-13,272.06
2233,2233,2701.58,2018-11-14,270.2
2234,2234,2730.2,2018-11-15,273.02
2235,2235,2736.27,2018-11-16,273.73
2236,2236,2690.73,2018-11-19,269.1
2237,2237,2641.89,2018-11-20,264.12
2238,2238,2649.93,2018-11-21,265.02
2239,2239,2632.56,2018-11-23,263.25
2240,2240,2673.45,2018-11-26,267.5
2241,2241,2682.17,2018-11-27,268.4
2242,2242,2743.79,2018-11-28,274.58
2243,2243,2737.76,2018-11-29,273.98
2244,2244,2760.17,2018-11-30,275.65
2245,2245,2790.37,2018-12-03,279.3
2246,2246,2700.06,2018-12-04,270.25
2247,2247,2695.95,2018-12-06,269.84
2248,2248,2633.08,2018-12-07,263.57
2249,2249,2637.72,2018-12-10,264.07
2250,2250,2636.78,2018-12-11,264.13
2251,2251,2651.07,2018-12-12,265.46
2252,2252,2650.54,2018-12-13,265.37
2253,2253,2599.95,2018-12-14,260.47
2254,2254,2545.94,2018-12-17,255.36
2255,2255,2546.16,2018-12-18,255.08
2256,2256,2506.96,2018-12-19,251.26
2257,2257,2467.42,2018-12-20,247.17
2258,2258,2416.62,2018-12-21,240.7
2259,2259,2351.1,2018-12-24,234.34
2260,2260,2467.7,2018-12-26,246.18
2261,2261,2488.83,2018-12-27,248.07
2262,2262,2485.74,2018-12-28,247.75
2263,2263,2506.85,2018-12-31,249.92
2264,2264,2510.03,2019-01-02,250.18
2265,2265,2447.89,2019-01-03,244.21
2266,2266,2531.94,2019-01-04,252.39
2267,2267,2549.69,2019-01-07,254.38
2268,2268,2574.41,2019-01-08,256.77
2269,2269,2584.96,2019-01-09,257.97
2270,2270,2596.64,2019-01-10,258.88
2271,2271,2596.26,2019-01-11,258.98
2272,2272,2582.61,2019-01-14,257.4
2273,2273,2610.3,2019-01-15,260.35
2274,2274,2616.1,2019-01-16,260.98
2275,2275,2635.96,2019-01-17,262.96
2276,2276,2670.71,2019-01-18,266.46
2277,2277,2632.9,2019-01-22,262.86
2278,2278,2638.7,2019-01-23,263.41
2279,2279,2642.33,2019-01-24,263.55
2280,2280,2664.76,2019-01-25,265.78
2281,2281,2643.85,2019-01-28,263.76
2282,2282,2640.0,2019-01-29,263.41
2283,2283,2681.05,2019-01-30,267.58
2284,2284,2704.1,2019-01-31,269.93
2285,2285,2706.53,2019-02-01,270.06
2286,2286,2724.87,2019-02-04,271.96
2287,2287,2737.7,2019-02-05,273.1
2288,2288,2731.61,2019-02-06,272.74
2289,2289,2706.05,2019-02-07,270.14
2290,2290,2707.88,2019-02-08,270.47
2291,2291,2709.8,2019-02-11,270.62
2292,2292,2744.73,2019-02-12,274.1
2293,2293,2753.03,2019-02-13,274.99
2294,2294,2745.73,2019-02-14,274.38
2295,2295,2775.6,2019-02-15,277.37
2296,2296,2779.76,2019-02-19,277.85
2297,2297,2784.7,2019-02-20,278.41
2298,2298,2774.88,2019-02-21,277.42
2299,2299,2792.67,2019-02-22,279.14
2300,2300,2796.11,2019-02-25,279.52
2301,2301,2793.9,2019-02-26,279.32
2302,2302,2792.38,2019-02-27,279.2
2303,2303,2784.49,2019-02-28,278.68
2304,2304,2803.69,2019-03-01,280.42
2305,2305,2792.81,2019-03-04,279.4
2306,2306,2789.65,2019-03-05,279.02
2307,2307,2771.45,2019-03-06,277.33
2308,2308,2748.93,2019-03-07,275.01
2309,2309,2743.07,2019-03-08,274.46
2310,2310,2783.3,2019-03-11,278.44
2311,2311,2791.52,2019-03-12,279.49
2312,2312,2810.92,2019-03-13,281.34
2313,2313,2808.48,2019-03-14,281.16
2314,2314,2822.48,2019-03-15,281.31
2315,2315,2832.94,2019-03-18,282.33
2316,2316,2832.57,2019-03-19,282.4
2317,2317,2824.23,2019-03-20,281.55
2318,2318,2854.88,2019-03-21,284.73
2319,2319,2800.71,2019-03-22,279.25
2320,2320,2798.36,2019-03-25,279.04
2321,2321,2818.46,2019-03-26,281.12
2322,2322,2805.37,2019-03-27,279.65
2323,2323,2815.44,2019-03-28,280.71
2324,2324,2834.4,2019-03-29,282.48
2325,2325,2867.19,2019-04-01,285.83
2326,2326,2867.24,2019-04-02,285.97
2327,2327,2873.4,2019-04-03,286.42
2328,2328,2879.39,2019-04-04,287.18
2329,2329,2892.74,2019-04-05,288.57
2330,2330,2895.77,2019-04-08,288.79
2331,2331,2878.2,2019-04-09,287.31
2332,2332,2888.21,2019-04-10,288.29
2333,2333,2888.32,2019-04-11,288.21
2334,2334,2907.41,2019-04-12,290.16
2335,2335,2905.58,2019-04-15,289.97
2336,2336,2907.06,2019-04-16,290.16
2337,2337,2900.45,2019-04-17,289.45
2338,2338,2905.03,2019-04-18,290.02
2339,2339,2907.97,2019-04-22,290.27
2340,2340,2933.68,2019-04-23,292.88
2341,2341,2927.25,2019-04-24,292.23
2342,2342,2926.17,2019-04-25,292.05
2343,2343,2939.88,2019-04-26,293.41
2344,2344,2943.03,2019-04-29,293.87
2345,2345,2945.83,2019-04-30,294.02
2346,2346,2923.73,2019-05-01,291.81
2347,2347,2917.52,2019-05-02,291.18
2348,2348,2945.64,2019-05-03,294.03
2349,2349,2932.47,2019-05-06,292.82
2350,2350,2884.05,2019-05-07,287.93
2351,2351,2879.42,2019-05-08,287.53
2352,2352,2870.72,2019-05-09,286.66
2353,2353,2881.4,2019-05-10,288.1
2354,2354,2811.87,2019-05-13,280.86
2355,2355,2834.41,2019-05-14,283.4
2356,2356,2850.96,2019-05-15,285.06
2357,2357,2876.32,2019-05-16,287.7
2358,2358,2859.53,2019-05-17,285.84
2359,2359,2840.23,2019-05-20,283.95
2360,2360,2864.36,2019-05-21,286.51
2361,2361,2856.27,2019-05-22,285.63
2362,2362,2822.24,2019-05-23,282.14
2363,2363,2826.06,2019-05-24,282.78
2364,2364,2802.39,2019-05-28,280.15
2365,2365,2783.02,2019-05-29,278.27
2366,2366,2788.86,2019-05-30,279.03
2367,2367,2752.06,2019-05-31,275.27
2368,2368,2744.45,2019-06-03,274.57
2369,2369,2803.27,2019-06-04,280.53
2370,2370,2826.15,2019-06-05,282.96
2371,2371,2843.49,2019-06-06,284.8
2372,2372,2873.34,2019-06-07,287.65
2373,2373,2886.73,2019-06-10,288.97
2374,2374,2885.72,2019-06-11,288.9
2375,2375,2879.84,2019-06-12,288.39
2376,2376,2891.64,2019-06-13,289.58
2377,2377,2886.98,2019-06-14,289.26
2378,2378,2889.67,2019-06-17,289.37
2379,2379,2917.75,2019-06-18,292.4
2380,2380,2926.46,2019-06-19,293.06
2381,2381,2954.18,2019-06-20,295.86
2382,2382,2950.46,2019-06-21,294.0
2383,2383,2945.35,2019-06-24,293.64
2384,2384,2917.38,2019-06-25,290.76
2385,2385,2913.78,2019-06-26,290.47
2386,2386,2924.92,2019-06-27,291.5
2387,2387,2941.76,2019-06-28,293.0
2388,2388,2964.33,2019-07-01,295.66
2389,2389,2973.01,2019-07-02,296.43
2390,2390,2995.82,2019-07-03,298.8
2391,2391,2990.41,2019-07-05,298.46
2392,2392,2975.95,2019-07-08,296.82
2393,2393,2979.63,2019-07-09,297.19
2394,2394,2993.07,2019-07-10,298.61
2395,2395,2999.91,2019-07-11,299.31
2396,2396,3013.77,2019-07-12,300.65
2397,2397,3014.3,2019-07-15,300.75
2398,2398,3004.04,2019-07-16,299.71
2399,2399,2984.42,2019-07-17,297.74
2400,2400,2995.11,2019-07-18,298.83
2401,2401,2976.61,2019-07-19,297.17
2402,2402,2985.03,2019-07-22,297.9
2403,2403,3005.47,2019-07-23,300.03
2404,2404,3019.56,2019-07-24,301.44
2405,2405,3003.67,2019-07-25,300.0
2406,2406,3025.86,2019-07-26,302.01
2407,2407,3020.97,2019-07-29,301.46
2408,2408,3013.18,2019-07-30,300.72
2409,2409,2980.38,2019-07-31,297.43
2410,2410,2953.56,2019-08-01,294.84
2411,2411,2932.05,2019-08-02,292.62
2412,2412,2844.74,2019-08-05,283.82
2413,2413,2881.77,2019-08-06,287.8
2414,2414,2883.98,2019-08-07,287.97
2415,2415,2938.09,2019-08-08,293.62
2416,2416,2918.65,2019-08-09,291.62
2417,2417,2883.75,2019-08-12,288.07
2418,2418,2926.32,2019-08-13,292.55
2419,2419,2840.6,2019-08-14,283.9
2420,2420,2847.6,2019-08-15,284.65
2421,2421,2888.68,2019-08-16,288.85
2422,2422,2923.65,2019-08-19,292.33
2423,2423,2900.51,2019-08-20,290.09
2424,2424,2924.43,2019-08-21,292.45
2425,2425,2922.95,2019-08-22,292.36
2426,2426,2847.11,2019-08-23,284.85
2427,2427,2878.38,2019-08-26,288.0
2428,2428,2869.16,2019-08-27,286.87
2429,2429,2887.94,2019-08-28,288.89
2430,2430,2924.58,2019-08-29,292.58
2431,2431,2926.46,2019-08-30,292.45
2432,2432,2906.27,2019-09-03,290.74
2433,2433,2937.78,2019-09-04,294.04
2434,2434,2976.0,2019-09-05,297.82
2435,2435,2978.71,2019-09-06,298.05
2436,2436,2978.43,2019-09-09,298.2
2437,2437,2979.39,2019-09-10,298.13
2438,2438,3000.93,2019-09-11,300.25
2439,2439,3009.57,2019-09-12,301.29
2440,2440,3007.39,2019-09-13,301.09
2441,2441,2997.96,2019-09-16,300.16
2442,2442,3005.7,2019-09-17,300.92
2443,2443,3006.73,2019-09-18,301.1
2444,2444,3006.79,2019-09-19,301.08
2445,2445,2992.07,2019-09-20,298.28
2446,2446,2991.78,2019-09-23,298.21
2447,2447,2966.6,2019-09-24,295.87
2448,2448,2984.87,2019-09-25,297.62
2449,2449,2977.62,2019-09-26,297.0
2450,2450,2961.79,2019-09-27,295.4
2451,2451,2976.74,2019-09-30,296.77
2452,2452,2940.25,2019-10-01,293.24
2453,2453,2887.61,2019-10-02,288.06
2454,2454,2910.63,2019-10-03,290.42
2455,2455,2952.01,2019-10-04,294.35
2456,2456,2938.79,2019-10-07,293.08
2457,2457,2893.06,2019-10-08,288.53
2458,2458,2919.4,2019-10-09,291.27
2459,2459,2938.13,2019-10-10,293.24
2460,2460,2970.27,2019-10-11,296.28
2461,2461,2966.15,2019-10-14,295.95
2462,2462,2995.68,2019-10-15,298.88
2463,2463,2989.69,2019-10-16,298.4
2464,2464,2997.95,2019-10-17,299.28
2465,2465,2986.2,2019-10-18,297.97
2466,2466,3006.72,2019-10-21,299.99
2467,2467,2995.99,2019-10-22,299.01
2468,2468,3004.52,2019-10-23,299.88
2469,2469,3010.29,2019-10-24,300.37
2470,2470,3022.55,2019-10-25,301.6
2471,2471,3039.42,2019-10-28,303.3
2472,2472,3036.89,2019-10-29,303.21
2473,2473,3046.77,2019-10-30,304.14
2474,2474,3037.56,2019-10-31,303.33
2475,2475,3066.91,2019-11-01,306.14
2476,2476,3078.27,2019-11-04,307.37
2477,2477,3074.62,2019-11-05,307.03
2478,2478,3076.78,2019-11-06,307.1
2479,2479,3085.18,2019-11-07,308.18
2480,2480,3093.08,2019-11-08,308.94
2481,2481,3087.01,2019-11-11,308.35
2482,2482,3091.84,2019-11-12,309.0
2483,2483,3094.04,2019-11-13,309.1
2484,2484,3096.63,2019-11-14,309.55
2485,2485,3120.46,2019-11-15,311.79
2486,2486,3122.03,2019-11-18,312.02
2487,2487,3120.18,2019-11-19,311.93
2488,2488,3108.46,2019-11-20,310.77
2489,2489,3103.54,2019-11-21,310.27
2490,2490,3110.29,2019-11-22,310.96
2491,2491,3133.64,2019-11-25,313.37
2492,2492,3140.52,2019-11-26,314.08
2493,2493,3153.63,2019-11-27,315.48
2494,2494,3140.98,2019-11-29,314.31
2495,2495,3113.87,2019-12-02,311.64
2496,2496,3093.2,2019-12-03,309.55
2497,2497,3112.76,2019-12-04,311.46
2498,2498,3117.43,2019-12-05,312.02
2499,2499,3145.91,2019-12-06,314.87
2500,2500,3135.96,2019-12-09,313.88
2501,2501,3132.52,2019-12-10,313.53
2502,2502,3141.63,2019-12-11,314.42
2503,2503,3168.57,2019-12-12,317.13
2504,2504,3168.8,2019-12-13,317.32
2505,2505,3191.45,2019-12-16,319.5
2506,2506,3192.52,2019-12-17,319.57
2507,2507,3191.14,2019-12-18,319.59
2508,2508,3205.37,2019-12-19,320.9
2509,2509,3221.22,2019-12-20,320.73
2510,2510,3224.01,2019-12-23,321.22
2511,2511,3223.38,2019-12-24,321.23
2512,2512,3239.91,2019-12-26,322.94
2513,2513,3240.02,2019-12-27,322.86
2514,2514,3221.29,2019-12-30,321.08
2515,2515,3230.78,2019-12-31,321.86
2516,2516,3257.85,2020-01-02,324.87
2517,2517,3234.85,2020-01-03,322.41
2518,2518,3246.28,2020-01-06,323.64
2519,2519,3237.18,2020-01-07,322.73
2520,2520,3253.05,2020-01-08,324.45
2521,2521,3274.7,2020-01-09,326.65
2522,2522,3265.35,2020-01-10,325.71
2523,2523,3288.13,2020-01-13,327.95
2524,2524,3283.15,2020-01-14,327.45
2525,2525,3289.29,2020-01-15,328.19
2526,2526,3316.81,2020-01-16,330.92
2527,2527,3329.62,2020-01-17,331.95
2528,2528,3320.79,2020-01-21,331.3
2529,2529,3321.75,2020-01-22,331.34
2530,2530,3325.54,2020-01-23,331.72
2531,2531,3295.47,2020-01-24,328.77
2532,2532,3243.63,2020-01-27,323.5
2533,2533,3276.24,2020-01-28,326.89
2534,2534,3273.4,2020-01-29,326.62
2535,2535,3283.66,2020-01-30,327.68
2536,2536,3225.52,2020-01-31,321.73
2537,2537,3248.92,2020-02-03,324.12
2538,2538,3297.59,2020-02-04,329.06
2539,2539,3334.69,2020-02-05,332.86
2540,2540,3345.78,2020-02-06,333.98
2541,2541,3327.71,2020-02-07,332.2
2542,2542,3352.09,2020-02-10,334.68
2543,2543,3357.75,2020-02-11,335.26
2544,2544,3379.45,2020-02-12,337.42
2545,2545,3373.94,2020-02-13,337.06
2546,2546,3380.16,2020-02-14,337.6
2547,2547,3370.29,2020-02-18,336.73
2548,2548,3386.15,2020-02-19,338.34
2549,2549,3373.23,2020-02-20,336.95
2550,2550,3337.75,2020-02-21,333.48
2551,2551,3225.89,2020-02-24,322.42
2552,2552,3128.21,2020-02-25,312.65
2553,2553,3116.39,2020-02-26,311.5
2554,2554,2978.76,2020-02-27,297.51
2555,2555,2954.22,2020-02-28,296.26
2556,2556,3090.23,2020-03-02,309.09
2557,2557,3003.37,2020-03-03,300.24
2558,2558,3130.12,2020-03-04,312.86
2559,2559,3023.94,2020-03-05,302.46
2560,2560,2972.37,2020-03-06,297.46
2561,2561,2746.56,2020-03-09,274.23
2562,2562,2882.23,2020-03-10,288.42
2563,2563,2741.38,2020-03-11,274.36
2564,2564,2480.64,2020-03-12,248.11
2565,2565,2711.02,2020-03-13,269.32
2566,2566,2386.13,2020-03-16,239.85
2567,2567,2529.19,2020-03-17,252.8
2568,2568,2398.1,2020-03-18,240.0
2569,2569,2409.39,2020-03-19,240.51
2570,2570,2304.92,2020-03-20,228.8
2571,2571,2237.4,2020-03-23,222.95
2572,2572,2447.33,2020-03-24,243.15
2573,2573,2475.56,2020-03-25,246.79
2574,2574,2630.07,2020-03-26,261.2
2575,2575,2541.47,2020-03-27,253.42
2576,2576,2626.65,2020-03-30,261.65
2577,2577,2584.59,2020-03-31,257.75
2578,2578,2470.5,2020-04-01,246.15
2579,2579,2526.9,2020-04-02,251.83
2580,2580,2488.65,2020-04-03,248.19
2581,2581,2663.68,2020-04-06,264.86
2582,2582,2659.41,2020-04-07,265.13
2583,2583,2749.98,2020-04-08,274.03
2584,2584,2789.82,2020-04-09,278.2
2585,2585,2761.63,2020-04-13,275.66
2586,2586,2846.06,2020-04-14,283.79
2587,2587,2783.36,2020-04-15,277.76
2588,2588,2799.55,2020-04-16,279.1
2589,2589,2874.56,2020-04-17,286.64
2590,2590,2823.16,2020-04-20,281.59
2591,2591,2736.56,2020-04-21,273.04
2592,2592,2799.31,2020-04-22,279.1
2593,2593,2797.8,2020-04-23,279.08
2594,2594,2836.74,2020-04-24,282.97
2595,2595,2878.48,2020-04-27,287.05
2596,2596,2863.39,2020-04-28,285.73
2597,2597,2939.51,2020-04-29,293.21
2598,2598,2912.43,2020-04-30,290.48
2599,2599,2830.71,2020-05-01,282.79
2600,2600,2842.74,2020-05-04,283.57
2601,2601,2868.44,2020-05-05,286.19
2602,2602,2848.42,2020-05-06,284.25
2603,2603,2881.19,2020-05-07,287.68
2604,2604,2929.8,2020-05-08,292.44
2605,2605,2930.32,2020-05-11,292.5
2606,2606,2870.12,2020-05-12,286.67
2607,2607,2820.0,2020-05-13,281.6
2608,2608,2852.5,2020-05-14,284.97
2609,2609,2863.7,2020-05-15,286.28
2610,2610,2953.91,2020-05-18,295.0
2611,2611,2922.94,2020-05-19,291.97
2612,2612,2971.61,2020-05-20,296.93
2613,2613,2948.51,2020-05-21,294.88
2614,2614,2955.45,2020-05-22,295.44
2615,2615,2991.77,2020-05-26,299.08
2616,2616,3036.13,2020-05-27,303.53
2617,2617,3029.73,2020-05-28,302.97
2618,2618,3044.31,2020-05-29,304.32
2619,2619,3055.73,2020-06-01,305.55
2620,2620,3080.82,2020-06-02,308.08
2621,2621,3122.87,2020-06-03,312.18
2622,2622,3112.35,2020-06-04,311.36
2623,2623,3193.93,2020-06-05,319.34
2624,2624,3232.39,2020-06-08,323.2
2625,2625,3207.18,2020-06-09,320.79
2626,2626,3190.14,2020-06-10,319.0
2627,2627,3002.1,2020-06-11,300.61
2628,2628,3041.31,2020-06-12,304.21
2629,2629,3066.59,2020-06-15,307.05
2630,2630,3124.74,2020-06-16,312.96
2631,2631,3113.49,2020-06-17,311.66
2632,2632,3115.34,2020-06-18,311.78
2633,2633,3097.74,2020-06-19,308.64
2634,2634,3117.86,2020-06-22,310.62
2635,2635,3131.29,2020-06-23,312.05
2636,2636,3050.33,2020-06-24,304.09
2637,2637,3083.76,2020-06-25,307.35
2638,2638,3009.05,2020-06-26,300.05
2639,2639,3053.24,2020-06-29,304.46
2640,2640,3100.29,2020-06-30,308.36
2641,2641,3115.86,2020-07-01,310.52
2642,2642,3130.01,2020-07-02,312.23
2643,2643,3179.72,2020-07-06,317.05
2644,2644,3145.32,2020-07-07,313.78
2645,2645,3169.94,2020-07-08,316.18
2646,2646,3152.05,2020-07-09,314.38
2647,2647,3185.04,2020-07-10,317.59
2648,2648,3155.22,2020-07-13,314.84
2649,2649,3197.52,2020-07-14,318.92
2650,2650,3226.56,2020-07-15,321.85
2651,2651,3215.57,2020-07-16,320.79
2652,2652,3224.73,2020-07-17,321.72
2653,2653,3251.84,2020-07-20,324.32
2654,2654,3257.3,2020-07-21,325.01
2655,2655,3276.02,2020-07-22,326.86
2656,2656,3235.66,2020-07-23,322.96
2657,2657,3215.63,2020-07-24,320.88
2658,2658,3239.41,2020-07-27,323.22
2659,2659,3218.44,2020-07-28,321.17
2660,2660,3258.44,2020-07-29,325.12
2661,2661,3246.22,2020-07-30,323.96
2662,2662,3271.12,2020-07-31,326.52
2663,2663,3294.61,2020-08-03,328.79
2664,2664,3306.51,2020-08-04,330.06
2665,2665,3327.77,2020-08-05,332.11
2666,2666,3349.16,2020-08-06,334.33
2667,2667,3351.28,2020-08-07,334.57
2668,2668,3360.47,2020-08-10,335.57
2669,2669,3333.69,2020-08-11,332.8
2670,2670,3380.35,2020-08-12,337.44
2671,2671,3373.43,2020-08-13,336.83
2672,2672,3372.85,2020-08-14,336.84
2673,2673,3381.99,2020-08-17,337.91
2674,2674,3389.78,2020-08-18,338.64
2675,2675,3374.85,2020-08-19,337.23
2676,2676,3385.51,2020-08-20,338.28
2677,2677,3397.16,2020-08-21,339.48
2678,2678,3431.28,2020-08-24,342.92
2679,2679,3443.62,2020-08-25,344.12
2680,2680,3478.73,2020-08-26,347.57
2681,2681,3484.55,2020-08-27,348.33
2682,2682,3508.01,2020-08-28,350.58
2683,2683,3500.31,2020-08-31,349.31
2684,2684,3526.65,2020-09-01,352.6
2685,2685,3580.84,2020-09-02,357.7
2686,2686,3455.06,2020-09-03,345.39
2687,2687,3426.96,2020-09-04,342.57
2688,2688,3331.84,2020-09-08,333.21
2689,2689,3398.96,2020-09-09,339.79
2690,2690,3339.19,2020-09-10,333.89
2691,2691,3340.97,2020-09-11,334.06
2692,2692,3383.54,2020-09-14,338.46
2693,2693,3401.2,2020-09-15,340.17
2694,2694,3385.49,2020-09-16,338.82
2695,2695,3357.01,2020-09-17,335.84
2696,2696,3319.47,2020-09-18,330.65
2697,2697,3281.06,2020-09-21,326.97
2698,2698,3315.57,2020-09-22,330.3
2699,2699,3236.92,2020-09-23,322.64
2700,2700,3246.59,2020-09-24,323.5
2701,2701,3298.46,2020-09-25,328.73
2702,2702,3351.6,2020-09-28,334.19
2703,2703,3335.47,2020-09-29,332.37
2704,2704,3363.0,2020-09-30,334.89
2705,2705,3380.8,2020-10-01,337.04
2706,2706,3348.44,2020-10-02,333.84
2707,2707,3408.63,2020-10-05,339.76
2708,2708,3360.95,2020-10-06,334.93
2709,2709,3419.45,2020-10-07,340.76
2710,2710,3446.83,2020-10-08,343.78
2711,2711,3477.13,2020-10-09,346.85
2712,2712,3534.22,2020-10-12,352.43
2713,2713,3511.93,2020-10-13,350.13
2714,2714,3488.67,2020-10-14,347.93
2715,2715,3483.34,2020-10-15,347.5
2716,2716,3483.81,2020-10-16,347.29
2717,2717,3426.92,2020-10-19,342.01
2718,2718,3443.12,2020-10-20,343.38
2719,2719,3435.56,2020-10-21,342.73
2720,2720,3453.49,2020-10-22,344.61
2721,2721,3465.39,2020-10-23,345.78
2722,2722,3400.97,2020-10-26,339.39
2723,2723,3390.68,2020-10-27,338.22
2724,2724,3271.03,2020-10-28,326.66
2725,2725,3310.11,2020-10-29,329.98
2726,2726,3269.96,2020-10-30,326.54
2727,2727,3310.24,2020-11-02,330.2
2728,2728,3369.16,2020-11-03,336.03
2729,2729,3443.44,2020-11-04,343.54
2730,2730,3510.45,2020-11-05,350.24
2731,2731,3509.44,2020-11-06,350.16
2732,2732,3550.5,2020-11-09,354.56
2733,2733,3545.53,2020-11-10,354.04
2734,2734,3572.66,2020-11-11,356.67
2735,2735,3537.01,2020-11-12,353.21
2736,2736,3585.15,2020-11-13,358.1
2737,2737,3626.91,2020-11-16,362.57
2738,2738,3609.53,2020-11-17,360.62
2739,2739,3567.79,2020-11-18,356.28
2740,2740,3581.87,2020-11-19,357.78
2741,2741,3557.54,2020-11-20,355.33
2742,2742,3577.59,2020-11-23,357.46
2743,2743,3635.41,2020-11-24,363.22
2744,2744,3629.65,2020-11-25,362.66
2745,2745,3638.35,2020-11-27,363.67
2746,2746,3621.63,2020-11-30,362.06
2747,2747,3662.45,2020-12-01,366.02
2748,2748,3669.01,2020-12-02,366.79
2749,2749,3666.72,2020-12-03,366.69
2750,2750,3699.12,2020-12-04,369.85
2751,2751,3691.96,2020-12-07,369.09
2752,2752,3702.25,2020-12-08,370.17
2753,2753,3672.82,2020-12-09,366.85
2754,2754,3668.1,2020-12-10,366.73
2755,2755,3663.46,2020-12-11,366.3
2756,2756,3647.49,2020-12-14,364.66
2757,2757,3694.62,2020-12-15,369.59
2758,2758,3701.17,2020-12-16,370.17
2759,2759,3722.48,2020-12-17,372.24
2760,2760,3709.41,2020-12-18,369.18
2761,2761,3694.92,2020-12-21,367.86
2762,2762,3687.26,2020-12-22,367.24
2763,2763,3690.01,2020-12-23,367.57
2764,2764,3703.06,2020-12-24,369.0
2765,2765,3735.36,2020-12-28,372.17
2766,2766,3727.04,2020-12-29,371.46
2767,2767,3732.04,2020-12-30,371.99
2768,2768,3756.07,2020-12-31,373.88
